um 810 - um 865 <a href="/wiki/Kassia" title="Kassia">Kassia
1098-1179 <a href="/wiki/Hildegard_von_Bingen" title="Hildegard von Bingen">Hildegard von Bingen
um 1150 - um 1201 <a href="/wiki/L%C3%A9onin" title="Léonin">Léonin
1150/65-1200/25 <a href="/wiki/P%C3%A9rotin" title="Pérotin">Pérotin
um 1170 - um 1230 <a href="/wiki/Walther_von_der_Vogelweide" title="Walther von der Vogelweide">Walther von der Vogelweide
1237-1286 <a href="/wiki/Adam_de_la_Halle" title="Adam de la Halle">Adam de la Halle
1291-1361 <a href="/wiki/Philippe_de_Vitry" title="Philippe de Vitry">Philippe de Vitry
1300/05-1377 <a href="/wiki/Guillaume_de_Machaut" title="Guillaume de Machaut">Guillaume de Machaut
1325-1397 <a href="/wiki/Francesco_Landini" title="Francesco Landini">Francesco Landini
um 1395 - nach 1457 <a href="/wiki/Hermann_Edlerawer" title="Hermann Edlerawer">Hermann Edlerawer
um 1395 - 1441 <a href="/wiki/Jacobus_Vide" title="Jacobus Vide">Jacobus Vide
vor 1400 - 1474 <a href="/wiki/Guillaume_Dufay" title="Guillaume Dufay">Guillaume Dufay
um 1400 - 1460 <a href="/wiki/Gilles_Binchois" title="Gilles Binchois">Gilles Binchois
um 1420/25 - 1497 <a href="/wiki/Johannes_Ockeghem" title="Johannes Ockeghem">Johannes Ockeghem
um 1445 - 1505 <a href="/wiki/Adam_von_Fulda" title="Adam von Fulda">Adam von Fulda
1446(1455/60)-1506 <a href="/wiki/Alexander_Agricola" title="Alexander Agricola">Alexander Agricola
um 1450 - 1517 <a href="/wiki/Heinrich_Isaac" title="Heinrich Isaac">Heinrich Isaac
1450/55-1521 <a href="/wiki/Josquin_Desprez" title="Josquin Desprez">Josquin Desprez
um 1455 - 1507/11 <a href="/wiki/Johannes_Ghiselin" title="Johannes Ghiselin">Johannes Ghiselin
um 1455 - nach 1517 <a href="/wiki/Gaspar_van_Weerbeke" title="Gaspar van Weerbeke">Gaspar van Weerbeke
1457/58-1505 <a href="/wiki/Jacob_Obrecht" title="Jacob Obrecht">Jacob Obrecht
um 1460 - nach 1513 <a href="/wiki/Antoine_Brumel" title="Antoine Brumel">Antoine Brumel
1460/70-1518 <a href="/wiki/Pierre_de_la_Rue" title="Pierre de la Rue">Pierre de la Rue
1480/85-1527/32 <a href="/wiki/Philippe_Verdelot" title="Philippe Verdelot">Philippe Verdelot
um 1490 - 1543 <a href="/wiki/Ludwig_Senfl" title="Ludwig Senfl">Ludwig Senfl
um 1490 - 1562 <a href="/wiki/Adrian_Willaert" title="Adrian Willaert">Adrian Willaert
1490-1545 <a href="/wiki/Costanzo_Festa" title="Costanzo Festa">Costanzo Festa
1490-1545 <a href="/wiki/John_Taverner" title="John Taverner">John Taverner
1500-1553 <a href="/wiki/Crist%C3%B3bal_de_Morales" title="Cristóbal de Morales">Cristóbal de Morales</ul>
um 1505 - 1585 <a href="/wiki/Thomas_Tallis" title="Thomas Tallis">Thomas Tallis
1510-1566 <a href="/wiki/Antonio_de_Cabez%C3%B3n" title="Antonio de Cabezón">Antonio de Cabezón
um 1510/15 - nach 1570 <a href="/wiki/Tielman_Susato" title="Tielman Susato">Tielman Susato
1514/15-1594 <a href="/wiki/Giovanni_Pierluigi_da_Palestrina" title="Giovanni Pierluigi da Palestrina">Giovanni Pierluigi da Palestrina
1515/16-1565 <a href="/wiki/Cyprian_de_Rore" class="mw-redirect" title="Cyprian de Rore">Cyprian de Rore
um 1520 - 1565 <a href="/wiki/Sigmund_Hemmel" title="Sigmund Hemmel">Sigmund Hemmel
1521-1603 <a href="/wiki/Philippe_de_Monte" title="Philippe de Monte">Philippe de Monte
um 1530 - 1600 <a href="/wiki/Claude_Le_Jeune" title="Claude Le Jeune">Claude Le Jeune
1532-1594 <a href="/wiki/Orlando_di_Lasso" title="Orlando di Lasso">Orlando di Lasso
1532/33-1585 <a href="/wiki/Andrea_Gabrieli" title="Andrea Gabrieli">Andrea Gabrieli
1533-1604 <a href="/wiki/Claudio_Merulo" title="Claudio Merulo">Claudio Merulo
1543-1623 <a href="/wiki/William_Byrd" title="William Byrd">William Byrd
um 1544 - nach 1590 <a href="/wiki/Maddalena_Casulana_Mezari" title="Maddalena Casulana Mezari">Maddalena Casulana Mezari
1545-1607 <a href="/wiki/Luzzasco_Luzzaschi" title="Luzzasco Luzzaschi">Luzzasco Luzzaschi
1548-1611 <a href="/wiki/Tom%C3%A1s_Luis_de_Victoria" title="Tomás Luis de Victoria">Tomás Luis de Victoria
1551-1618 <a href="/wiki/Giulio_Caccini" title="Giulio Caccini">Giulio Caccini
1553/54-1599 <a href="/wiki/Luca_Marenzio" title="Luca Marenzio">Luca Marenzio
1557-1613 <a href="/wiki/Giovanni_Gabrieli" title="Giovanni Gabrieli">Giovanni Gabrieli
1557/58-1602 <a href="/wiki/Thomas_Morley" title="Thomas Morley">Thomas Morley
1561-1633 <a href="/wiki/Jacopo_Peri" title="Jacopo Peri">Jacopo Peri
1562-1640 <a href="/wiki/Giles_Farnaby" title="Giles Farnaby">Giles Farnaby
1563-1626 <a href="/wiki/John_Dowland" title="John Dowland">John Dowland
1566-1613 <a href="/wiki/Carlo_Gesualdo" title="Carlo Gesualdo">Carlo Gesualdo
1567-1643 <a href="/wiki/Christoph_Demantius" title="Christoph Demantius">Christoph Demantius
1567-1643 <a href="/wiki/Claudio_Monteverdi" title="Claudio Monteverdi">Claudio Monteverdi
1568-1634 <a href="/wiki/Adriano_Banchieri" title="Adriano Banchieri">Adriano Banchieri
um 1570 - um 1630 <a href="/wiki/Salamone_Rossi" title="Salamone Rossi">Salamone Rossi
1571-1621 <a href="/wiki/Michael_Praetorius" title="Michael Praetorius">Michael Praetorius
1572-1656 <a href="/wiki/Thomas_Tomkins" title="Thomas Tomkins">Thomas Tomkins
1574-1638 <a href="/wiki/John_Wilbye" title="John Wilbye">John Wilbye
1575 - nach 1646 <a href="/wiki/Vittoria_Raffaella_Aleotti" title="Vittoria Raffaella Aleotti">Vittoria Raffaella Aleotti
1576-1623 <a href="/wiki/Thomas_Weelkes" title="Thomas Weelkes">Thomas Weelkes
1581-1634 <a href="/wiki/Johann_Staden" title="Johann Staden">Johann Staden
1582-1652 <a href="/wiki/Gregorio_Allegri" title="Gregorio Allegri">Gregorio Allegri
1583-1643 <a href="/wiki/Girolamo_Frescobaldi" title="Girolamo Frescobaldi">Girolamo Frescobaldi
1583-1625 <a href="/wiki/Orlando_Gibbons" title="Orlando Gibbons">Orlando Gibbons
1585-1672 <a href="/wiki/Heinrich_Sch%C3%BCtz" title="Heinrich Schütz">Heinrich Schütz
1586-1630 <a href="/wiki/Johann_Hermann_Schein" title="Johann Hermann Schein">Johann Hermann Schein
1587-1654 <a href="/wiki/Samuel_Scheidt" title="Samuel Scheidt">Samuel Scheidt</ul>
1602-1676 <a href="/wiki/Francesco_Cavalli" title="Francesco Cavalli">Francesco Cavalli
1604-1651 <a href="/wiki/Heinrich_Albert_(Komponist)" title="Heinrich Albert (Komponist)">Heinrich Albert
1604-1673 <a href="/wiki/Johann_Bach" title="Johann Bach">Johann Bach
1605-1674 <a href="/wiki/Giacomo_Carissimi" title="Giacomo Carissimi">Giacomo Carissimi
1611-1675 <a href="/wiki/Andreas_Hammerschmidt" title="Andreas Hammerschmidt">Andreas Hammerschmidt
1615-1692 <a href="/wiki/Heinrich_Bach_(Organist)" title="Heinrich Bach (Organist)">Heinrich Bach
um 1616 - 1674 <a href="/wiki/Matthias_Weckmann" title="Matthias Weckmann">Matthias Weckmann
um 1617 - 1684 <a href="/wiki/Johann_Rosenm%C3%BCller" title="Johann Rosenmüller">Johann Rosenmüller
1623-1680 <a href="/wiki/Johann_Heinrich_Schmelzer" title="Johann Heinrich Schmelzer">Johann Heinrich Schmelzer
um 1626 - 1661 <a href="/wiki/Louis_Couperin" title="Louis Couperin">Louis Couperin
1628-1665 <a href="/wiki/Samuel_Capricornus" title="Samuel Capricornus">Samuel Capricornus
1632-1687 <a href="/wiki/Jean-Baptiste_Lully" title="Jean-Baptiste Lully">Jean-Baptiste Lully
1632-1692 <a href="/wiki/Giovanni_Battista_Vitali" title="Giovanni Battista Vitali">Giovanni Battista Vitali
1636-1707 <a href="/wiki/Daniel_Speer" title="Daniel Speer">Daniel Speer
um 1637 - 1707 <a href="/wiki/Dieterich_Buxtehude" title="Dieterich Buxtehude">Dieterich Buxtehude
1641-1717 <a href="/wiki/Wolfgang_Caspar_Printz" title="Wolfgang Caspar Printz">Wolfgang Caspar Printz
1642-1703 <a href="/wiki/Johann_Christoph_Bach_I" title="Johann Christoph Bach I">Johann Christoph Bach I
um 1643 - 1704 <a href="/wiki/Marc-Antoine_Charpentier" title="Marc-Antoine Charpentier">Marc-Antoine Charpentier
1643-1722 <a href="/wiki/Johann_Adam_Reincken" title="Johann Adam Reincken">Johann Adam Reincken
1644-1704 <a href="/wiki/Heinrich_Ignaz_Franz_Biber" title="Heinrich Ignaz Franz Biber">Heinrich Ignaz Franz Biber
1652-1724 <a href="/wiki/John_Abell" title="John Abell">John Abell
1652-1730 <a href="/wiki/Andr%C3%A9_Danican_Philidor" title="André Danican Philidor">André Danican Philidor
1653-1713 <a href="/wiki/Arcangelo_Corelli" title="Arcangelo Corelli">Arcangelo Corelli
1653-1704 <a href="/wiki/Georg_Muffat" title="Georg Muffat">Georg Muffat
1653-1706 <a href="/wiki/Johann_Pachelbel" title="Johann Pachelbel">Johann Pachelbel
1655-1700 <a href="/wiki/Johann_Beer" title="Johann Beer">Johann Beer
1656-1728 <a href="/wiki/Marin_Marais" title="Marin Marais">Marin Marais
1657-1714 <a href="/wiki/Philipp_Heinrich_Erlebach" title="Philipp Heinrich Erlebach">Philipp Heinrich Erlebach
1658-1709 <a href="/wiki/Giuseppe_Torelli" title="Giuseppe Torelli">Giuseppe Torelli
1659-1695 <a href="/wiki/Henry_Purcell" title="Henry Purcell">Henry Purcell
um 1660 - 1741 <a href="/wiki/Johann_Joseph_Fux" title="Johann Joseph Fux">Johann Joseph Fux
um 1660 - 1707 <a href="/wiki/Gaspard_le_Roux" title="Gaspard le Roux">Gaspard le Roux
1660-1722 <a href="/wiki/Johann_Kuhnau" title="Johann Kuhnau">Johann Kuhnau
1660-1725 <a href="/wiki/Alessandro_Scarlatti" title="Alessandro Scarlatti">Alessandro Scarlatti
1663-1745 <a href="/wiki/Tomaso_Antonio_Vitali" title="Tomaso Antonio Vitali">Tomaso Antonio Vitali
1664-1760 <a href="/wiki/Michele_Mascitti" title="Michele Mascitti">Michele Mascitti
1665-1697 <a href="/wiki/Nicolaus_Bruhns" title="Nicolaus Bruhns">Nicolaus Bruhns
1668-1733 <a href="/wiki/Fran%C3%A7ois_Couperin" title="François Couperin">François Couperin
1671-1751 <a href="/wiki/Tomaso_Albinoni" title="Tomaso Albinoni">Tomaso Albinoni
1672/73-1751 <a href="/wiki/Georg_Caspar_Sch%C3%BCrmann" title="Georg Caspar Schürmann">Georg Caspar Schürmann
um 1674 - 1707 <a href="/wiki/Jeremiah_Clarke" title="Jeremiah Clarke">Jeremiah Clarke
1674-1739 <a href="/wiki/Reinhard_Keiser" title="Reinhard Keiser">Reinhard Keiser
1675-1742 <a href="/wiki/Evaristo_Dall%E2%80%99Abaco" class="mw-redirect" title="Evaristo Dall’Abaco">Evaristo Dall’Abaco
1676-1749 <a href="/wiki/Johann_Bernhard_Bach_der_%C3%84ltere" title="Johann Bernhard Bach der Ältere">Johann Bernhard Bach der Ältere
1678-1741 <a href="/wiki/Antonio_Vivaldi" title="Antonio Vivaldi">Antonio Vivaldi
1679-1745 <a href="/wiki/Jan_Dismas_Zelenka" title="Jan Dismas Zelenka">Jan Dismas Zelenka
1681-1764 <a href="/wiki/Johann_Mattheson" title="Johann Mattheson">Johann Mattheson
1681-1767 <a href="/wiki/Georg_Philipp_Telemann" title="Georg Philipp Telemann">Georg Philipp Telemann
1683-1764 <a href="/wiki/Jean-Philippe_Rameau" title="Jean-Philippe Rameau">Jean-Philippe Rameau
1684-1755 <a href="/wiki/Francesco_Durante" title="Francesco Durante">Francesco Durante
1684-1756 <a href="/wiki/Johann_Theodor_Roemhildt" title="Johann Theodor Roemhildt">Johann Theodor Roemhildt
1685-1750 <a href="/wiki/Johann_Sebastian_Bach" title="Johann Sebastian Bach">Johann Sebastian Bach
1685-1743 <a href="/wiki/Lodovico_Giustini" title="Lodovico Giustini">Lodovico Giustini
1685-1759 <a href="/wiki/Georg_Friedrich_H%C3%A4ndel" title="Georg Friedrich Händel">Georg Friedrich Händel
1685-1757 <a href="/wiki/Domenico_Scarlatti" title="Domenico Scarlatti">Domenico Scarlatti
1687-1762 <a href="/wiki/Francesco_Geminiani" title="Francesco Geminiani">Francesco Geminiani
1688-1758 <a href="/wiki/Johann_Friedrich_Fasch" title="Johann Friedrich Fasch">Johann Friedrich Fasch
um 1690 - nach 1766 <a href="/wiki/Carlo_Tessarini" title="Carlo Tessarini">Carlo Tessarini
1690-1757 <a href="/wiki/Fortunato_Chelleri" title="Fortunato Chelleri">Fortunato Chelleri
1691-1761 <a href="/wiki/Francesco_Feo" title="Francesco Feo">Francesco Feo
1692-1770 <a href="/wiki/Giuseppe_Tartini" title="Giuseppe Tartini">Giuseppe Tartini
1696-1765 <a href="/wiki/Johann_Melchior_Molter" title="Johann Melchior Molter">Johann Melchior Molter
1697-1773 <a href="/wiki/Johann_Joachim_Quantz" title="Johann Joachim Quantz">Johann Joachim Quantz
1699-1783 <a href="/wiki/Johann_Adolph_Hasse" title="Johann Adolph Hasse">Johann Adolph Hasse
um 1700 -&#160;1750 <a href="/wiki/Antonio_Brioschi" title="Antonio Brioschi">Antonio Brioschi
1700-1743 <a href="/wiki/Johann_Bernhard_Bach_der_J%C3%BCngere" title="Johann Bernhard Bach der Jüngere">Johann Bernhard Bach der Jüngere
1700-1775 <a href="/wiki/Giovanni_Battista_Sammartini" title="Giovanni Battista Sammartini">Giovanni Battista Sammartini</ul>
1703-1741 <a href="/wiki/Joseph-Hector_Fiocco" title="Joseph-Hector Fiocco">Joseph-Hector Fiocco
1703-1784 <a href="/wiki/Johann_Gottlieb_Graun" title="Johann Gottlieb Graun">Johann Gottlieb Graun
1703-1755 <a href="/wiki/Joseph-Nicolas-Pancrace_Royer" title="Joseph-Nicolas-Pancrace Royer">Joseph-Nicolas-Pancrace Royer
1706-1785 <a href="/wiki/Baldassare_Galuppi" title="Baldassare Galuppi">Baldassare Galuppi
1706-1784 <a href="/wiki/Giovanni_Battista_Martini" title="Giovanni Battista Martini">Giovanni Battista Martini
1708-1776 <a href="/wiki/Johann_Adolf_Scheibe" title="Johann Adolf Scheibe">Johann Adolf Scheibe
1709-1789 <a href="/wiki/Franz_Xaver_Richter" title="Franz Xaver Richter">Franz Xaver Richter
1709-1758 <a href="/wiki/Wilhelmine_von_Bayreuth" class="mw-redirect" title="Wilhelmine von Bayreuth">Wilhelmine von Bayreuth
1710-1784 <a href="/wiki/Wilhelm_Friedemann_Bach" title="Wilhelm Friedemann Bach">Wilhelm Friedemann Bach
1710-1736 <a href="/wiki/Giovanni_Battista_Pergolesi" title="Giovanni Battista Pergolesi">Giovanni Battista Pergolesi
1711-1779 <a href="/wiki/William_Boyce" title="William Boyce">William Boyce
1712-1786 <a href="/wiki/Friedrich_II._(Preu%C3%9Fen)" title="Friedrich II. (Preußen)">Friedrich II. von Preußen
1712-1795 <a href="/wiki/Sayat_Nova" title="Sayat Nova">Sayat Nova
1712-1786 <a href="/wiki/John_Stanley" title="John Stanley">John Stanley
1713-1780 <a href="/wiki/Johann_Ludwig_Krebs" title="Johann Ludwig Krebs">Johann Ludwig Krebs
1714-1788 <a href="/wiki/Carl_Philipp_Emanuel_Bach" title="Carl Philipp Emanuel Bach">Carl Philipp Emanuel Bach
1714-1787 <a href="/wiki/Christoph_Willibald_Gluck" title="Christoph Willibald Gluck">Christoph Willibald Gluck
1714-1785 <a href="/wiki/Gottfried_August_Homilius" title="Gottfried August Homilius">Gottfried August Homilius
1715-1777 <a href="/wiki/Georg_Christoph_Wagenseil" title="Georg Christoph Wagenseil">Georg Christoph Wagenseil
1717-1757 <a href="/wiki/Johann_Stamitz" title="Johann Stamitz">Johann Stamitz
1719-1787 <a href="/wiki/Leopold_Mozart" title="Leopold Mozart">Leopold Mozart
1720-1787 <a href="/wiki/Bernhard_Joachim_Hagen" title="Bernhard Joachim Hagen">Bernhard Joachim Hagen
1722-1795 <a href="/wiki/Georg_Anton_Benda" title="Georg Anton Benda">Georg Anton Benda
1723-1787 <a href="/wiki/Carl_Friedrich_Abel" title="Carl Friedrich Abel">Carl Friedrich Abel
1727-1789 <a href="/wiki/Armand-Louis_Couperin" title="Armand-Louis Couperin">Armand-Louis Couperin
1728-1804 <a href="/wiki/Johann_Adam_Hiller" title="Johann Adam Hiller">Johann Adam Hiller
1728-1788 <a href="/wiki/Johann_Gottfried_M%C3%BCthel" title="Johann Gottfried Müthel">Johann Gottfried Müthel
1728-1800 <a href="/wiki/Niccol%C3%B2_Piccinni" title="Niccolò Piccinni">Niccolò Piccinni
1729-1777 <a href="/wiki/Anton_Cajetan_Adlgasser" title="Anton Cajetan Adlgasser">Anton Cajetan Adlgasser
1729-1783 <a href="/wiki/Antonio_Soler_(Komponist)" title="Antonio Soler (Komponist)">Antonio Soler
um 1730-1790 <a href="/wiki/Domenico_Gallo" title="Domenico Gallo">Domenico Gallo
1730-1786 <a href="/wiki/Antonio_Sacchini" title="Antonio Sacchini">Antonio Sacchini
1732-1809 <a href="/wiki/Joseph_Haydn" title="Joseph Haydn">Joseph Haydn
1734-1829 <a href="/wiki/Fran%C3%A7ois-Joseph_Gossec" title="François-Joseph Gossec">François-Joseph Gossec
1737-1806 <a href="/wiki/Michael_Haydn" title="Michael Haydn">Michael Haydn
1739-1813 <a href="/wiki/Johann_Baptist_Vanhal" class="mw-redirect" title="Johann Baptist Vanhal">Johann Baptist Vanhal
1739/40 - nach 1767 <a href="/wiki/Anna_Bon_di_Venezia" title="Anna Bon di Venezia">Anna Bon di Venezia
1740-1816 <a href="/wiki/Giovanni_Paisiello" title="Giovanni Paisiello">Giovanni Paisiello
1741-1813 <a href="/wiki/Andr%C3%A9-Ernest-Modeste_Gr%C3%A9try" title="André-Ernest-Modeste Grétry">André Grétry
1741-1801 <a href="/wiki/Andrea_Lucchesi" title="Andrea Lucchesi">Andrea Lucchesi
1741-1815 <a href="/wiki/Johann_Gottfried_Wilhelm_Palschau" title="Johann Gottfried Wilhelm Palschau">Johann Gottfried Wilhelm Palschau
1743-1805 <a href="/wiki/Luigi_Boccherini" title="Luigi Boccherini">Luigi Boccherini
1744-1812 <a href="/wiki/Marianna_Martines" class="mw-redirect" title="Marianna Martines">Marianna Martines
1745-1777 <a href="/wiki/Maxim_Sosontowitsch_Beresowski" title="Maxim Sosontowitsch Beresowski">Maxim Beresowski
1745-1801 <a href="/wiki/Carl_Stamitz" title="Carl Stamitz">Carl Stamitz
1747-1775 <a href="/wiki/Marian_Paradeiser" title="Marian Paradeiser">Marian Paradeiser
1748-1797 <a href="/wiki/Christoph_Rheineck" title="Christoph Rheineck">Christoph Rheineck
1748-1823 <a href="/wiki/Theodor_von_Schacht" title="Theodor von Schacht">Theodor von Schacht
1749-1801 <a href="/wiki/Domenico_Cimarosa" title="Domenico Cimarosa">Domenico Cimarosa
1750-1825 <a href="/wiki/Antonio_Salieri" title="Antonio Salieri">Antonio Salieri
1750-1789 <a href="/wiki/Anton_Stamitz" title="Anton Stamitz">Anton Stamitz</ul>
1751-1825 <a href="/wiki/Dmitri_Stepanowitsch_Bortnjanski" title="Dmitri Stepanowitsch Bortnjanski">Dmitri Bortnjanski
1752-1832 <a href="/wiki/Muzio_Clementi" title="Muzio Clementi">Muzio Clementi
1752-1814 <a href="/wiki/Johann_Friedrich_Reichardt" title="Johann Friedrich Reichardt">Johann Friedrich Reichardt
1754-1825 <a href="/wiki/Peter_von_Winter" title="Peter von Winter">Peter von Winter
1756-1792 <a href="/wiki/Joseph_Martin_Kraus" title="Joseph Martin Kraus">Joseph Martin Kraus
1756-1791 <a href="/wiki/Wolfgang_Amadeus_Mozart" title="Wolfgang Amadeus Mozart">Wolfgang Amadeus Mozart
1757-1831 <a href="/wiki/Ignaz_Pleyel" title="Ignaz Pleyel">Ignaz Pleyel
1757-1841 <a href="/wiki/Alessandro_Rolla" title="Alessandro Rolla">Alessandro Rolla
1758-1832 <a href="/wiki/Carl_Friedrich_Zelter" title="Carl Friedrich Zelter">Carl Friedrich Zelter
1759-1833 <a href="/wiki/Maria_Rosa_Coccia" title="Maria Rosa Coccia">Maria Rosa Coccia
1759-1831 <a href="/wiki/Franz_Krommer" title="Franz Krommer">Franz Krommer
1760-1842 <a href="/wiki/Luigi_Cherubini" title="Luigi Cherubini">Luigi Cherubini
1760-1812 <a href="/wiki/Johann_Ladislaus_Dussek" title="Johann Ladislaus Dussek">Johann Ladislaus Dussek
1761-1838 <a href="/wiki/Ludwig_Abeille" title="Ludwig Abeille">Ludwig Abeille
1761-1800 <a href="/wiki/Jewstignei_Ipatowitsch_Fomin" title="Jewstignei Ipatowitsch Fomin">Jewstignei Fomin
1762-1797 <a href="/wiki/Carl_Christian_Agthe" title="Carl Christian Agthe">Carl Christian Agthe
1763-1826 <a href="/wiki/Franz_Danzi" title="Franz Danzi">Franz Danzi
1763-1845 <a href="/wiki/Johann_Simon_Mayr" title="Johann Simon Mayr">Johann Simon Mayr
1764-1836 <a href="/wiki/H%C3%A9l%C3%A8ne_de_Montgeroult" title="Hélène de Montgeroult">Hélène de Montgeroult
1765-1799 <a href="/wiki/Johann_Georg_Distler" title="Johann Georg Distler">Johann Georg Distler
1766-1803 <a href="/wiki/Franz_Xaver_S%C3%BC%C3%9Fmayr" title="Franz Xaver Süßmayr">Franz Xaver Süßmayr
1767-1831 <a href="/wiki/Joseph_Ignaz_Schnabel" title="Joseph Ignaz Schnabel">Joseph Ignaz Schnabel
1769-1843 <a href="/wiki/Johann_Georg_Lickl" title="Johann Georg Lickl">Johann Georg Lickl
1770-1827 <a href="/wiki/Ludwig_van_Beethoven" title="Ludwig van Beethoven">Ludwig van Beethoven
1770-1836 <a href="/wiki/Anton_Reicha" title="Anton Reicha">Anton Reicha
1770-1839 <a href="/wiki/Jan_August_Vit%C3%A1sek" title="Jan August Vitásek">Jan August Vitásek
1771-1858 <a href="/wiki/Johann_Baptist_Cramer" title="Johann Baptist Cramer">Johann Baptist Cramer
1772-1847 <a href="/wiki/Johann_Wilhelm_Wilms" title="Johann Wilhelm Wilms">Johann Wilhelm Wilms
1773-1812 <a href="/wiki/Joseph_W%C3%B6lfl" class="mw-redirect" title="Joseph Wölfl">Joseph Wölfl
1774-1842 <a href="/wiki/Christoph_Ernst_Friedrich_Weyse" title="Christoph Ernst Friedrich Weyse">Christoph Ernst Friedrich Weyse
1775-1834 <a href="/wiki/Fran%C3%A7ois-Adrien_Boieldieu" title="François-Adrien Boieldieu">François-Adrien Boieldieu
1776-1822 <a href="/wiki/E._T._A._Hoffmann" title="E. T. A. Hoffmann">E. T. A. Hoffmann
1777-1839 <a href="/wiki/Ludwig_Berger_(Komponist)" title="Ludwig Berger (Komponist)">Carl Ludwig Heinrich Berger
1778-1837 <a href="/wiki/Johann_Nepomuk_Hummel" title="Johann Nepomuk Hummel">Johann Nepomuk Hummel
1778-1839 <a href="/wiki/Fernando_Sor" title="Fernando Sor">Fernando Sor
1779-1835 <a href="/wiki/Ignaz_Schuster" title="Ignaz Schuster">Ignaz Schuster
1780-1849 <a href="/wiki/Conradin_Kreutzer" title="Conradin Kreutzer">Conradin Kreutzer
1781-1858 <a href="/wiki/Anton_Diabelli" title="Anton Diabelli">Anton Diabelli
1781-1829 <a href="/wiki/Mauro_Giuliani" title="Mauro Giuliani">Mauro Giuliani
1782-1837 <a href="/wiki/John_Field" title="John Field">John Field
1782-1840 <a href="/wiki/Niccol%C3%B2_Paganini" title="Niccolò Paganini">Niccolò Paganini
1783-1852 <a href="/wiki/Georg_Jakob_Strunz" title="Georg Jakob Strunz">Georg Jakob Strunz
1784-1853 <a href="/wiki/George_Onslow" title="George Onslow">George Onslow
1784-1838 <a href="/wiki/Ferdinand_Ries" title="Ferdinand Ries">Ferdinand Ries
1784-1862 <a href="/wiki/Leopold_Schefer" title="Leopold Schefer">Leopold Schefer
1784-1859 <a href="/wiki/Louis_Spohr" title="Louis Spohr">Louis Spohr
1785-1869 <a href="/wiki/Albert_Methfessel" title="Albert Methfessel">Albert Methfessel
1786-1832 <a href="/wiki/Friedrich_Kuhlau" title="Friedrich Kuhlau">Friedrich Kuhlau
1786-1826 <a href="/wiki/Carl_Maria_von_Weber" title="Carl Maria von Weber">Carl Maria von Weber
1787-1851 <a href="/wiki/Alexander_Alexandrowitsch_Aljabjew" title="Alexander Alexandrowitsch Aljabjew">Alexander Aljabjew
1788-1867 <a href="/wiki/Simon_Sechter" title="Simon Sechter">Simon Sechter
1789-1826 <a href="/wiki/Friedrich_Ernst_Fesca" title="Friedrich Ernst Fesca">Friedrich Ernst Fesca
1789-1860 <a href="/wiki/Friedrich_Silcher" title="Friedrich Silcher">Friedrich Silcher
1790-1848 <a href="/wiki/Niccolo_Vaccai" class="mw-redirect" title="Niccolo Vaccai">Niccolo Vaccai
1791-1857 <a href="/wiki/Carl_Czerny" title="Carl Czerny">Carl Czerny
1791-1864 <a href="/wiki/Giacomo_Meyerbeer" title="Giacomo Meyerbeer">Giacomo Meyerbeer
1791-1844 <a href="/wiki/Franz_Xaver_Wolfgang_Mozart" title="Franz Xaver Wolfgang Mozart">Franz Xaver Wolfgang Mozart
1792-1868 <a href="/wiki/Gioacchino_Rossini" class="mw-redirect" title="Gioacchino Rossini">Gioacchino Rossini
1793-1832 <a href="/wiki/Bernhard_Klein" title="Bernhard Klein">Bernhard Klein
1794-1868 <a href="/wiki/Anselm_H%C3%BCttenbrenner" title="Anselm Hüttenbrenner">Anselm Hüttenbrenner
1795-1861 <a href="/wiki/Heinrich_Marschner" title="Heinrich Marschner">Heinrich Marschner
1796-1868 <a href="/wiki/Franz_Berwald" title="Franz Berwald">Franz Berwald
1796-1869 <a href="/wiki/Carl_Loewe" title="Carl Loewe">Carl Loewe
1797-1848 <a href="/wiki/Gaetano_Donizetti" title="Gaetano Donizetti">Gaetano Donizetti
1797-1828 <a href="/wiki/Franz_Schubert" title="Franz Schubert">Franz Schubert
1798-1870 <a href="/wiki/Alexei_Lwow" class="mw-redirect" title="Alexei Lwow">Alexei Lwow
1798-1859 <a href="/wiki/Carl_Gottlieb_Rei%C3%9Figer" title="Carl Gottlieb Reißiger">Carl Gottlieb Reißiger
1799-1862 <a href="/wiki/Jacques_Fromental_Hal%C3%A9vy" title="Jacques Fromental Halévy">Jacques Fromental Halévy
1799-1862 <a href="/wiki/Alexei_Nikolajewitsch_Werstowski" title="Alexei Nikolajewitsch Werstowski">Alexei Werstowski</ul>
1801-1835 <a href="/wiki/Vincenzo_Bellini" title="Vincenzo Bellini">Vincenzo Bellini
1801-1858 <a href="/wiki/Alexander_Lwowitsch_Guriljow" title="Alexander Lwowitsch Guriljow">Alexander Guriljow
1801-1866 <a href="/wiki/Johann_Wenzel_Kalliwoda" title="Johann Wenzel Kalliwoda">Johann Wenzel Kalliwoda
1801-1851 <a href="/wiki/Albert_Lortzing" title="Albert Lortzing">Albert Lortzing
1802-1870 <a href="/wiki/Charles-Auguste_de_B%C3%A9riot" title="Charles-Auguste de Bériot">Charles-Auguste de Bériot
1803-1869 <a href="/wiki/Hector_Berlioz" title="Hector Berlioz">Hector Berlioz
1803-1890 <a href="/wiki/Franz_Lachner" title="Franz Lachner">Franz Lachner
1804-1857 <a href="/wiki/Michail_Iwanowitsch_Glinka" title="Michail Iwanowitsch Glinka">Michail Glinka
1804-1849 <a href="/wiki/Johann_Strauss_(Vater)" title="Johann Strauss (Vater)">Johann Strauss Vater
1805-1900 <a href="/wiki/Johann_Peter_Emilius_Hartmann" title="Johann Peter Emilius Hartmann">Johann Peter Emilius Hartmann
1806-1826 <a href="/wiki/Juan_Cris%C3%B3stomo_de_Arriaga" title="Juan Crisóstomo de Arriaga">Juan Crisóstomo de Arriaga
1807-1895 <a href="/wiki/Ignaz_Lachner" title="Ignaz Lachner">Ignaz Lachner
1808-1870 <a href="/wiki/Michael_William_Balfe" title="Michael William Balfe">Michael William Balfe
1809-1847 <a href="/wiki/Felix_Mendelssohn_Bartholdy" title="Felix Mendelssohn Bartholdy">Felix Mendelssohn Bartholdy
1810-1836 <a href="/wiki/Norbert_Burgm%C3%BCller" title="Norbert Burgmüller">Norbert Burgmüller
1810-1849 <a href="/wiki/Fr%C3%A9d%C3%A9ric_Chopin" title="Frédéric Chopin">Frédéric Chopin
1810-1873 <a href="/wiki/Ferdinand_David" title="Ferdinand David">Ferdinand David
1810-1893 <a href="/wiki/Ferenc_Erkel" title="Ferenc Erkel">Ferenc Erkel
1810-1849 <a href="/wiki/Otto_Nicolai" title="Otto Nicolai">Otto Nicolai
1810-1856 <a href="/wiki/Robert_Schumann" title="Robert Schumann">Robert Schumann
1811-1893 <a href="/wiki/Vinzenz_Lachner" title="Vinzenz Lachner">Vinzenz Lachner
1811-1886 <a href="/wiki/Franz_Liszt" title="Franz Liszt">Franz Liszt
1812-1883 <a href="/wiki/Friedrich_von_Flotow" title="Friedrich von Flotow">Friedrich von Flotow
1813-1869 <a href="/wiki/Alexander_Sergejewitsch_Dargomyschski" title="Alexander Sergejewitsch Dargomyschski">Alexander Dargomyschski
1813-1888 <a href="/wiki/Charles_Valentin_Alkan" title="Charles Valentin Alkan">Charles Valentin Alkan
1813-1901 <a href="/wiki/Giuseppe_Verdi" title="Giuseppe Verdi">Giuseppe Verdi
1813-1883 <a href="/wiki/Richard_Wagner" title="Richard Wagner">Richard Wagner
1814-1889 <a href="/wiki/Adolf_Henselt" title="Adolf Henselt">Adolf Henselt
1815-1892 <a href="/wiki/Robert_Franz" title="Robert Franz">Robert Franz
1815-1883 <a href="/wiki/Robert_Volkmann" title="Robert Volkmann">Robert Volkmann
1816-1876 <a href="/wiki/August_Wilhelm_Ambros" title="August Wilhelm Ambros">August Wilhelm Ambros
1817-1907 <a href="/wiki/Charles_Dancla" title="Charles Dancla">Charles Dancla
1817-1893 <a href="/wiki/Eduard_Franck" title="Eduard Franck">Eduard Franck
1817-1890 <a href="/wiki/Niels_Wilhelm_Gade" title="Niels Wilhelm Gade">Niels Wilhelm Gade
1818-1893 <a href="/wiki/Charles_Gounod" title="Charles Gounod">Charles Gounod
1819-1898 <a href="/wiki/Louis_Th%C3%A9odore_Gouvy" title="Louis Théodore Gouvy">Louis Théodore Gouvy
1819-1880 <a href="/wiki/Jacques_Offenbach" title="Jacques Offenbach">Jacques Offenbach
1819-1896 <a href="/wiki/Clara_Schumann" title="Clara Schumann">Clara Schumann
1819-1895 <a href="/wiki/Franz_von_Supp%C3%A8" title="Franz von Suppè">Franz von Suppè
1820-1881 <a href="/wiki/Henri_Vieuxtemps" title="Henri Vieuxtemps">Henri Vieuxtemps
1821-1885 <a href="/wiki/Friedrich_Kiel" title="Friedrich Kiel">Friedrich Kiel
1822-1890 <a href="/wiki/C%C3%A9sar_Franck" title="César Franck">César Franck
1822-1882 <a href="/wiki/Joachim_Raff" title="Joachim Raff">Joachim Raff
1823-1892 <a href="/wiki/Edouard_Victor_Antoine_Lalo" class="mw-redirect" title="Edouard Victor Antoine Lalo">Edouard Victor Antoine Lalo
1824-1884 <a href="/wiki/Bed%C5%99ich_Smetana" title="Bedřich Smetana">Bedřich Smetana
1824-1896 <a href="/wiki/Anton_Bruckner" title="Anton Bruckner">Anton Bruckner
1824-1874 <a href="/wiki/Peter_Cornelius_(Komponist)" title="Peter Cornelius (Komponist)">Peter Cornelius
1824-1910 <a href="/wiki/Carl_Reinecke" title="Carl Reinecke">Carl Reinecke
1825-1904 <a href="/wiki/Richard_Hol" title="Richard Hol">Richard Hol
1825-1899 <a href="/wiki/Johann_Strauss_(Sohn)" title="Johann Strauss (Sohn)">Johann Strauss
1826-1871 <a href="/wiki/Vincent_Adler" title="Vincent Adler">Vincent Adler
1827-1870 <a href="/wiki/Josef_Strauss" title="Josef Strauss">Josef Strauss
1828-1897 <a href="/wiki/Woldemar_Bargiel" title="Woldemar Bargiel">Woldemar Bargiel
1829-1869 <a href="/wiki/Louis_Moreau_Gottschalk" title="Louis Moreau Gottschalk">Louis Moreau Gottschalk
1829-1894 <a href="/wiki/Anton_Grigorjewitsch_Rubinstein" title="Anton Grigorjewitsch Rubinstein">Anton Rubinstein
1830-1913 <a href="/wiki/Hans_Bronsart_von_Schellendorf" title="Hans Bronsart von Schellendorf">Hans Bronsart von Schellendorf
1830-1915 <a href="/wiki/Karl_Goldmark" title="Karl Goldmark">Karl Goldmark
1830-1911 <a href="/wiki/Robert_Radecke" title="Robert Radecke">Robert Radecke
1831-1907 <a href="/wiki/Joseph_Joachim" title="Joseph Joachim">Joseph Joachim
1832-1914 <a href="/wiki/Ivan_Zajc" title="Ivan Zajc">Ivan Zajc
1833-1887 <a href="/wiki/Alexander_Porfirjewitsch_Borodin" title="Alexander Porfirjewitsch Borodin">Alexander Borodin
1833-1897 <a href="/wiki/Johannes_Brahms" title="Johannes Brahms">Johannes Brahms
1834-1886 <a href="/wiki/Amilcare_Ponchielli" title="Amilcare Ponchielli">Amilcare Ponchielli
1835-1918 <a href="/wiki/C%C3%A9sar_Cui" title="César Cui">César Cui
1835-1913 <a href="/wiki/Felix_Draeseke" title="Felix Draeseke">Felix Draeseke
1835-1918 <a href="/wiki/Richard_Faltin" title="Richard Faltin">Richard Faltin
1835-1914 <a href="/wiki/Davorin_Jenko" title="Davorin Jenko">Davorin Jenko
1835-1881 <a href="/wiki/Nikolai_Grigorjewitsch_Rubinstein" title="Nikolai Grigorjewitsch Rubinstein">Nikolai Rubinstein
1835-1921 <a href="/wiki/Camille_Saint-Sa%C3%ABns" title="Camille Saint-Saëns">Camille Saint-Saëns
1835-1880 <a href="/wiki/Henryk_Wieniawski" title="Henryk Wieniawski">Henryk Wieniawski
1836-1891 <a href="/wiki/L%C3%A9o_Delibes" title="Léo Delibes">Léo Delibes
1836-1898 <a href="/wiki/Emil_Hartmann_(Komponist)" title="Emil Hartmann (Komponist)">Emil Hartmann
1837-1910 <a href="/wiki/Mili_Alexejewitsch_Balakirew" title="Mili Alexejewitsch Balakirew">Mili Balakirew
1837-1922 <a href="/wiki/Hans_Sommer_(Komponist,_1837)" title="Hans Sommer (Komponist, 1837)">Hans Sommer
1837-1915 <a href="/wiki/%C3%89mile_Waldteufel" title="Émile Waldteufel">Émile Waldteufel
1838-1875 <a href="/wiki/Georges_Bizet" title="Georges Bizet">Georges Bizet
1838-1920 <a href="/wiki/Max_Bruch" title="Max Bruch">Max Bruch
1838-1910 <a href="/wiki/Wendelin_Wei%C3%9Fheimer" title="Wendelin Weißheimer">Wendelin Weißheimer
1839-1881 <a href="/wiki/Modest_Petrowitsch_Mussorgski" title="Modest Petrowitsch Mussorgski">Modest Mussorgski
1839-1901 <a href="/wiki/Josef_Gabriel_Rheinberger" title="Josef Gabriel Rheinberger">Josef Gabriel Rheinberger
1840-1876 <a href="/wiki/Hermann_Goetz" title="Hermann Goetz">Hermann Goetz
1840-1911 <a href="/wiki/Johan_Svendsen" title="Johan Svendsen">Johan Svendsen
1840-1893 <a href="/wiki/Pjotr_Iljitsch_Tschaikowski" title="Pjotr Iljitsch Tschaikowski">Pjotr Tschaikowski
1841-1894 <a href="/wiki/Emmanuel_Chabrier" title="Emmanuel Chabrier">Emmanuel Chabrier
1841-1904 <a href="/wiki/Anton%C3%ADn_Dvo%C5%99%C3%A1k" title="Antonín Dvořák">Antonín Dvořák
1842-1912 <a href="/wiki/Jules_Massenet" title="Jules Massenet">Jules Massenet
1842-1899 <a href="/wiki/Karl_Mill%C3%B6cker" class="mw-redirect" title="Karl Millöcker">Karl Millöcker
1842-1900 <a href="/wiki/Arthur_Sullivan" title="Arthur Sullivan">Arthur Sullivan
1843-1907 <a href="/wiki/Edvard_Grieg" title="Edvard Grieg">Edvard Grieg
1843-1923 <a href="/wiki/Asger_Hamerik" title="Asger Hamerik">Asger Hamerik
1843-1900 <a href="/wiki/Heinrich_von_Herzogenberg" title="Heinrich von Herzogenberg">Heinrich von Herzogenberg
1844-1925 <a href="/wiki/Eug%C3%A8ne_Gigout" title="Eugène Gigout">Eugène Gigout
1844-1908 <a href="/wiki/Nikolai_Andrejewitsch_Rimski-Korsakow" title="Nikolai Andrejewitsch Rimski-Korsakow">Nikolai Rimski-Korsakow
1844-1908 <a href="/wiki/Pablo_de_Sarasate" title="Pablo de Sarasate">Pablo de Sarasate
1844-1937 <a href="/wiki/Charles-Marie_Widor" title="Charles-Marie Widor">Charles-Marie Widor
1845-1924 <a href="/wiki/Gabriel_Faur%C3%A9" title="Gabriel Fauré">Gabriel Fauré
1846-1907 <a href="/wiki/Ignaz_Br%C3%BCll" title="Ignaz Brüll">Ignaz Brüll
1847-1902 <a href="/wiki/Joachim_Andersen" title="Joachim Andersen">Joachim Andersen
1847-1927 <a href="/wiki/Robert_Fuchs_(Komponist)" title="Robert Fuchs (Komponist)">Robert Fuchs
1847-1902 <a href="/wiki/August_Klughardt" title="August Klughardt">August Klughardt
1848-1918 <a href="/wiki/Hubert_Parry" title="Hubert Parry">Hubert Parry
1849-1895 <a href="/wiki/Benjamin_Godard" title="Benjamin Godard">Benjamin Godard
1849-1904 <a href="/wiki/Arnold_Krug" title="Arnold Krug">Arnold Krug
1850-1900 <a href="/wiki/Zden%C4%9Bk_Fibich" title="Zdeněk Fibich">Zdeněk Fibich
1850-1918 <a href="/wiki/Alexander_Sergejewitsch_Tanejew" title="Alexander Sergejewitsch Tanejew">Alexander Tanejew</ul>
1851-1931 <a href="/wiki/Vincent_d%E2%80%99Indy" title="Vincent d’Indy">Vincent d’Indy
1852-1921 <a href="/wiki/Hans_Huber_(Komponist)" title="Hans Huber (Komponist)">Hans Huber
1852-1924 <a href="/wiki/Charles_Villiers_Stanford" title="Charles Villiers Stanford">Charles Villiers Stanford
1854-1893 <a href="/wiki/Alfredo_Catalani" title="Alfredo Catalani">Alfredo Catalani
1854-1931 <a href="/wiki/George_Chadwick" title="George Chadwick">George Chadwick
1854-1921 <a href="/wiki/Engelbert_Humperdinck" title="Engelbert Humperdinck">Engelbert Humperdinck
1854-1928 <a href="/wiki/Leo%C5%A1_Jan%C3%A1%C4%8Dek" title="Leoš Janáček">Leoš Janáček
1854-1932 <a href="/wiki/John_Philip_Sousa" title="John Philip Sousa">John Philip Sousa
1854-1909 <a href="/wiki/Francisco_T%C3%A1rrega" title="Francisco Tárrega">Francisco Tárrega
1855-1899 <a href="/wiki/Ernest_Chausson" title="Ernest Chausson">Ernest Chausson
1855-1914 <a href="/wiki/Anatoli_Ljadow" class="mw-redirect" title="Anatoli Ljadow">Anatoli Ljadow
1856-1941 <a href="/wiki/Christian_Sinding" title="Christian Sinding">Christian Sinding
1856-1948 <a href="/wiki/George_Templeton_Strong_(Komponist)" title="George Templeton Strong (Komponist)">George Templeton Strong
1856-1915 <a href="/wiki/Sergei_Iwanowitsch_Tanejew" title="Sergei Iwanowitsch Tanejew">Sergei Tanejew
1857-1944 <a href="/wiki/C%C3%A9cile_Chaminade" title="Cécile Chaminade">Cécile Chaminade
1857-1934 <a href="/wiki/Edward_Elgar" title="Edward Elgar">Edward Elgar
1857-1941 <a href="/wiki/Wilhelm_Kienzl" title="Wilhelm Kienzl">Wilhelm Kienzl
1857-1919 <a href="/wiki/Ruggero_Leoncavallo" title="Ruggero Leoncavallo">Ruggero Leoncavallo
1858-1924 <a href="/wiki/Giacomo_Puccini" title="Giacomo Puccini">Giacomo Puccini
1858-1884 <a href="/wiki/Hans_Rott_(Musiker)" title="Hans Rott (Musiker)">Hans Rott
1858-1944 <a href="/wiki/Ethel_Smyth" title="Ethel Smyth">Ethel Smyth
1858-1931 <a href="/wiki/Eug%C3%A8ne_Ysa%C3%BFe" title="Eugène Ysaÿe">Eugène Ysaÿe
1859-1951 <a href="/wiki/Josef_Bohuslav_Foerster" title="Josef Bohuslav Foerster">Josef Bohuslav Foerster
1859-1935 <a href="/wiki/Michail_Michailowitsch_Ippolitow-Iwanow" title="Michail Michailowitsch Ippolitow-Iwanow">Michail Ippolitow-Iwanow
1859-1924 <a href="/wiki/Sergei_Michailowitsch_Ljapunow" title="Sergei Michailowitsch Ljapunow">Sergei Ljapunow
1860-1909 <a href="/wiki/Isaac_Alb%C3%A9niz" title="Isaac Albéniz">Isaac Albéniz
1860-1956 <a href="/wiki/Gustave_Charpentier" title="Gustave Charpentier">Gustave Charpentier
1860-1908 <a href="/wiki/Edward_MacDowell" title="Edward MacDowell">Edward MacDowell
1860-1911 <a href="/wiki/Gustav_Mahler" title="Gustav Mahler">Gustav Mahler
1860-1945 <a href="/wiki/Emil_Nikolaus_von_Reznicek" title="Emil Nikolaus von Reznicek">Emil Nikolaus von Reznicek
1860-1903 <a href="/wiki/Hugo_Wolf" title="Hugo Wolf">Hugo Wolf
1860-1944 <a href="/wiki/Felix_Woyrsch" title="Felix Woyrsch">Felix Woyrsch
1861-1906 <a href="/wiki/Anton_Stepanowitsch_Arenski" title="Anton Stepanowitsch Arenski">Anton Arenski
1861-1911 <a href="/wiki/Wilhelm_Berger_(Komponist)" title="Wilhelm Berger (Komponist)">Wilhelm Berger
1861-1907 <a href="/wiki/Ludwig_Thuille" title="Ludwig Thuille">Ludwig Thuille
1862-1897 <a href="/wiki/L%C3%A9on_Bo%C3%ABllmann" title="Léon Boëllmann">Léon Boëllmann
1862-1918 <a href="/wiki/Claude_Debussy" title="Claude Debussy">Claude Debussy
1862-1934 <a href="/wiki/Frederick_Delius" title="Frederick Delius">Frederick Delius
1862-1921 <a href="/wiki/Alphons_Diepenbrock" title="Alphons Diepenbrock">Alphons Diepenbrock
1863-1932 <a href="/wiki/Hugo_Kaun" title="Hugo Kaun">Hugo Kaun
1863-1945 <a href="/wiki/Pietro_Mascagni" title="Pietro Mascagni">Pietro Mascagni
1863-1937 <a href="/wiki/Gabriel_Piern%C3%A9" title="Gabriel Pierné">Gabriel Pierné
1863-1948 <a href="/wiki/J%C4%81zeps_V%C4%ABtols" title="Jāzeps Vītols">Jāzeps Vītols
1864-1932 <a href="/wiki/Eugen_d%E2%80%99Albert" title="Eugen d’Albert">Eugen d’Albert
1864-1956 <a href="/wiki/Alexander_Tichonowitsch_Gretschaninow" title="Alexander Tichonowitsch Gretschaninow">Alexander Gretschaninow
1864-1935 <a href="/wiki/Johan_Halvorsen" title="Johan Halvorsen">Johan Halvorsen
1864-1949 <a href="/wiki/Richard_Strauss" title="Richard Strauss">Richard Strauss
1865-1935 <a href="/wiki/Paul_Dukas" title="Paul Dukas">Paul Dukas
1865-1936 <a href="/wiki/Alexander_Konstantinowitsch_Glasunow" title="Alexander Konstantinowitsch Glasunow">Alexander Glasunow
1865-1931 <a href="/wiki/Carl_Nielsen" title="Carl Nielsen">Carl Nielsen
1865-1957 <a href="/wiki/Jean_Sibelius" title="Jean Sibelius">Jean Sibelius
1866-1931 <a href="/wiki/Waldemar_von_Bau%C3%9Fnern" title="Waldemar von Baußnern">Waldemar von Baußnern
1866-1924 <a href="/wiki/Ferruccio_Busoni" title="Ferruccio Busoni">Ferruccio Busoni
1866-1901 <a href="/wiki/Wassili_Sergejewitsch_Kalinnikow" title="Wassili Sergejewitsch Kalinnikow">Wassili Kalinnikow
1866-1925 <a href="/wiki/Erik_Satie" title="Erik Satie">Erik Satie
1867-1944 <a href="/wiki/Amy_Beach" title="Amy Beach">Amy Beach
1867-1948 <a href="/wiki/Umberto_Giordano" title="Umberto Giordano">Umberto Giordano
1867-1916 <a href="/wiki/Enrique_Granados" title="Enrique Granados">Enrique Granados
1867-1917 <a href="/wiki/Scott_Joplin" title="Scott Joplin">Scott Joplin
1867-1950 <a href="/wiki/Charles_Koechlin" title="Charles Koechlin">Charles Koechlin
1867-1942 <a href="/wiki/Wilhelm_Peterson-Berger" title="Wilhelm Peterson-Berger">Wilhelm Peterson-Berger
1868-1946 <a href="/wiki/Granville_Bantock" title="Granville Bantock">Granville Bantock
1868-1933 <a href="/wiki/Max_von_Schillings" title="Max von Schillings">Max von Schillings
1869-1949 <a href="/wiki/Hans_Pfitzner" title="Hans Pfitzner">Hans Pfitzner
1869-1937 <a href="/wiki/Albert_Roussel" title="Albert Roussel">Albert Roussel
1869-1935 <a href="/wiki/Komitas_Vardapet" title="Komitas Vardapet">Komitas Vardapet
1869-1930 <a href="/wiki/Siegfried_Wagner" title="Siegfried Wagner">Siegfried Wagner
1870-1943 <a href="/wiki/Paul_B%C3%BCttner" title="Paul Büttner">Paul Büttner
1870-1939 <a href="/wiki/Cornelis_Dopper" title="Cornelis Dopper">Cornelis Dopper
1870-1960 <a href="/wiki/Alfred_Hill" title="Alfred Hill">Alfred Hill
1870-1948 <a href="/wiki/Franz_Leh%C3%A1r" title="Franz Lehár">Franz Lehár
1870-1894 <a href="/wiki/Guillaume_Lekeu" title="Guillaume Lekeu">Guillaume Lekeu
1870-1939 <a href="/wiki/Charles_Tournemire" title="Charles Tournemire">Charles Tournemire
1870-1937 <a href="/wiki/Louis_Vierne" title="Louis Vierne">Louis Vierne
1871-1950 <a href="/wiki/Vojt%C4%9Bch_%C5%98%C3%ADhovsk%C3%BD" title="Vojtěch Říhovský">Vojtěch Říhovský
1871-1927 <a href="/wiki/Wilhelm_Stenhammar" title="Wilhelm Stenhammar">Wilhelm Stenhammar
1871-1942 <a href="/wiki/Alexander_von_Zemlinsky" title="Alexander von Zemlinsky">Alexander von Zemlinsky
1872-1960 <a href="/wiki/Hugo_Alfv%C3%A9n" title="Hugo Alfvén">Hugo Alfvén
1872-1944 <a href="/wiki/Paul_Graener" title="Paul Graener">Paul Graener
1872-1915 <a href="/wiki/Alexander_Nikolajewitsch_Skrjabin" title="Alexander Nikolajewitsch Skrjabin">Alexander Skrjabin
1872-1958 <a href="/wiki/Ralph_Vaughan_Williams" title="Ralph Vaughan Williams">Ralph Vaughan Williams
1872-1956 <a href="/wiki/Sergei_Nikiforowitsch_Wassilenko" title="Sergei Nikiforowitsch Wassilenko">Sergei Wassilenko
1873-1953 <a href="/wiki/Joseph_Jongen" title="Joseph Jongen">Joseph Jongen
1873-1949 <a href="/wiki/Henri_Rabaud" title="Henri Rabaud">Henri Rabaud
1873-1943 <a href="/wiki/Sergei_Wassiljewitsch_Rachmaninow" title="Sergei Wassiljewitsch Rachmaninow">Sergei Rachmaninow
1873-1916 <a href="/wiki/Max_Reger" title="Max Reger">Max Reger
1874-1934 <a href="/wiki/Gustav_Holst" title="Gustav Holst">Gustav Holst
1874-1954 <a href="/wiki/Charles_Ives" title="Charles Ives">Charles Ives
1874-1939 <a href="/wiki/Franz_Schmidt_(Komponist)" title="Franz Schmidt (Komponist)">Franz Schmidt
1874-1951 <a href="/wiki/Arnold_Sch%C3%B6nberg" title="Arnold Schönberg">Arnold Schönberg
1874-1935 <a href="/wiki/Josef_Suk_(Komponist)" title="Josef Suk (Komponist)">Josef Suk
1875-1911 <a href="/wiki/Mikalojus_Konstantinas_%C4%8Ciurlionis" title="Mikalojus Konstantinas Čiurlionis">Mikalojus Konstantinas Čiurlionis
1875-1912 <a href="/wiki/Samuel_Coleridge-Taylor" title="Samuel Coleridge-Taylor">Samuel Coleridge-Taylor
1875-1956 <a href="/wiki/Reinhold_Gli%C3%A8re" class="mw-redirect" title="Reinhold Glière">Reinhold Glière
1875-1959 <a href="/wiki/Albert_Ket%C3%A8lbey" title="Albert Ketèlbey">Albert Ketèlbey
1875-1962 <a href="/wiki/Fritz_Kreisler" title="Fritz Kreisler">Fritz Kreisler
1875-1937 <a href="/wiki/Maurice_Ravel" title="Maurice Ravel">Maurice Ravel
1875-1935 <a href="/wiki/Richard_Wetz" title="Richard Wetz">Richard Wetz
1876-1954 <a href="/wiki/Hakon_B%C3%B8rresen" title="Hakon Børresen">Hakon Børresen
1876-1972 <a href="/wiki/Havergal_Brian" title="Havergal Brian">Havergal Brian
1876-1963 <a href="/wiki/Gustav_Bumcke" title="Gustav Bumcke">Gustav Bumcke
1876-1946 <a href="/wiki/Manuel_de_Falla" title="Manuel de Falla">Manuel de Falla
1876-1960 <a href="/wiki/Christian_Friedrich_Koennecke" title="Christian Friedrich Koennecke">Christian Friedrich Koennecke
1876-1939 <a href="/wiki/Ludolf_Nielsen" title="Ludolf Nielsen">Ludolf Nielsen
1876-1971 <a href="/wiki/Carl_Ruggles" title="Carl Ruggles">Carl Ruggles
1876-1948 <a href="/wiki/Ermanno_Wolf-Ferrari" title="Ermanno Wolf-Ferrari">Ermanno Wolf-Ferrari
1877-1960 <a href="/wiki/Ernst_von_Dohn%C3%A1nyi" title="Ernst von Dohnányi">Ernst von Dohnányi
1877-1957 <a href="/wiki/Alexander_Goedicke" class="mw-redirect" title="Alexander Goedicke">Alexander Goedicke
1877-1933 <a href="/wiki/Sigfrid_Karg-Elert" title="Sigfrid Karg-Elert">Sigfrid Karg-Elert
1877-1899 <a href="/wiki/Ernst_Mielck" title="Ernst Mielck">Ernst Mielck
1878-1959 <a href="/wiki/Fritz_Brun" title="Fritz Brun">Fritz Brun
1878-1934 <a href="/wiki/Franz_Schreker" title="Franz Schreker">Franz Schreker
1879-1941 <a href="/wiki/Frank_Bridge" title="Frank Bridge">Frank Bridge
1879-1941 <a href="/wiki/Philippe_Gaubert" title="Philippe Gaubert">Philippe Gaubert
1879-1960 <a href="/wiki/Joseph_Haas" title="Joseph Haas">Joseph Haas
1879-1962 <a href="/wiki/John_Ireland_(Komponist)" title="John Ireland (Komponist)">John Ireland
1879-1936 <a href="/wiki/Ottorino_Respighi" title="Ottorino Respighi">Ottorino Respighi
1879-1961 <a href="/wiki/Johanna_Senfter" title="Johanna Senfter">Johanna Senfter
1879-1950 <a href="/wiki/Julius_Weismann" title="Julius Weismann">Julius Weismann
1880-1959 <a href="/wiki/Ernest_Bloch" title="Ernest Bloch">Ernest Bloch
1880-1945 <a href="/wiki/Rudolf_Karel" title="Rudolf Karel">Rudolf Karel
1880-1951 <a href="/wiki/Nikolai_Medtner" class="mw-redirect" title="Nikolai Medtner">Nikolai Medtner
1880-1968 <a href="/wiki/Ildebrando_Pizzetti" title="Ildebrando Pizzetti">Ildebrando Pizzetti
1880-1945 <a href="/wiki/Ludwig_Rochlitzer" title="Ludwig Rochlitzer">Ludwig Rochlitzer
1881-1945 <a href="/wiki/B%C3%A9la_Bart%C3%B3k" title="Béla Bartók">Béla Bartók
1881-1955 <a href="/wiki/George_Enescu" title="George Enescu">George Enescu
1881-1984 <a href="/wiki/Paul_Le_Flem" title="Paul Le Flem">Paul Le Flem
1881-1950 <a href="/wiki/Nikolai_Jakowlewitsch_Mjaskowski" title="Nikolai Jakowlewitsch Mjaskowski">Nikolai Mjaskowski
1881-1948 <a href="/wiki/Hermann_Zilcher" title="Hermann Zilcher">Hermann Zilcher
1882-1967 <a href="/wiki/Zolt%C3%A1n_Kod%C3%A1ly" title="Zoltán Kodály">Zoltán Kodály
1882-1973 <a href="/wiki/Gian_Francesco_Malipiero" title="Gian Francesco Malipiero">Gian Francesco Malipiero
1882-1948 <a href="/wiki/Manuel_Ponce" class="mw-redirect" title="Manuel Ponce">Manuel Ponce
1882-1951 <a href="/wiki/Artur_Schnabel" title="Artur Schnabel">Artur Schnabel
1882-1971 <a href="/wiki/Igor_Strawinsky" title="Igor Strawinsky">Igor Strawinsky
1882-1937 <a href="/wiki/Karol_Szymanowski" title="Karol Szymanowski">Karol Szymanowski
1882-1949 <a href="/wiki/Joaqu%C3%ADn_Turina" title="Joaquín Turina">Joaquín Turina
1883-1953 <a href="/wiki/Arnold_Bax" title="Arnold Bax">Arnold Bax
1883-1946 <a href="/wiki/Maximilian_Ossejewitsch_Steinberg" title="Maximilian Ossejewitsch Steinberg">Maximilian Steinberg
1883-1965 <a href="/wiki/Edgar_Var%C3%A8se" title="Edgar Varèse">Edgar Varèse
1883-1945 <a href="/wiki/Anton_Webern" title="Anton Webern">Anton Webern
1884-1961 <a href="/wiki/York_Bowen" title="York Bowen">York Bowen
1885-1935 <a href="/wiki/Alban_Berg" title="Alban Berg">Alban Berg
1885-1948 <a href="/wiki/%C3%9Czeyir_Hac%C4%B1b%C9%99yov" title="Üzeyir Hacıbəyov">Üzeyir Hacıbəyov
1885-1923 <a href="/wiki/Dora_Peja%C4%8Devi%C4%87" title="Dora Pejačević">Dora Pejačević
1885-1974 <a href="/wiki/Egon_Wellesz" title="Egon Wellesz">Egon Wellesz
1886-1979 <a href="/wiki/Rebecca_Clarke" title="Rebecca Clarke">Rebecca Clarke
1886-1971 <a href="/wiki/Marcel_Dupr%C3%A9" title="Marcel Dupré">Marcel Dupré
1886-1954 <a href="/wiki/Wilhelm_Furtw%C3%A4ngler" title="Wilhelm Furtwängler">Wilhelm Furtwängler
1886-1946 <a href="/wiki/Heinrich_Kaminski" title="Heinrich Kaminski">Heinrich Kaminski
1886-1957 <a href="/wiki/Othmar_Schoeck" title="Othmar Schoeck">Othmar Schoeck
1887-1974 <a href="/wiki/Kurt_Atterberg" title="Kurt Atterberg">Kurt Atterberg
1887-1947 <a href="/wiki/Leevi_Madetoja" title="Leevi Madetoja">Leevi Madetoja
1887-1971 <a href="/wiki/Heinz_Tiessen" title="Heinz Tiessen">Heinz Tiessen
1887-1964 <a href="/wiki/Ernst_Toch" title="Ernst Toch">Ernst Toch
1887-1971 <a href="/wiki/Max_Trapp" title="Max Trapp">Max Trapp
1887-1952 <a href="/wiki/Fartein_Valen" title="Fartein Valen">Fartein Valen
1887-1959 <a href="/wiki/Heitor_Villa-Lobos" title="Heitor Villa-Lobos">Heitor Villa-Lobos
1888-1982 <a href="/wiki/Anatoli_Nikolajewitsch_Alexandrow" title="Anatoli Nikolajewitsch Alexandrow">Anatoli Alexandrow
1888-1928 <a href="/wiki/Emil_Bohnke" title="Emil Bohnke">Emil Bohnke
1888-1958 <a href="/wiki/Gerard_Bunk" title="Gerard Bunk">Gerard Bunk
1888-1976 <a href="/wiki/Max_Butting" title="Max Butting">Max Butting
1888-1979 <a href="/wiki/Louis_Durey" title="Louis Durey">Louis Durey
1889-1960 <a href="/wiki/Cecil_Armstrong_Gibbs" title="Cecil Armstrong Gibbs">Cecil Armstrong Gibbs
1890-1987 <a href="/wiki/Hans_G%C3%A1l" title="Hans Gál">Hans Gál
1890-1974 <a href="/wiki/Frank_Martin_(Komponist)" title="Frank Martin (Komponist)">Frank Martin
1890-1959 <a href="/wiki/Bohuslav_Martin%C5%AF" title="Bohuslav Martinů">Bohuslav Martinů
1891-1975 <a href="/wiki/Arthur_Bliss" title="Arthur Bliss">Arthur Bliss
1891-1959 <a href="/wiki/Egon_Kornauth" title="Egon Kornauth">Egon Kornauth
1891-1953 <a href="/wiki/Sergei_Sergejewitsch_Prokofjew" title="Sergei Sergejewitsch Prokofjew">Sergei Prokofjew
1892-1955 <a href="/wiki/Arthur_Honegger" title="Arthur Honegger">Arthur Honegger
1892-1982 <a href="/wiki/Philipp_Jarnach" title="Philipp Jarnach">Philipp Jarnach
1892-1974 <a href="/wiki/Darius_Milhaud" title="Darius Milhaud">Darius Milhaud
1892-2002 <a href="/wiki/Leo_Ornstein" title="Leo Ornstein">Leo Ornstein
1892-1985 <a href="/wiki/Hilding_Rosenberg" title="Hilding Rosenberg">Hilding Rosenberg
1892-1988 <a href="/wiki/Kaikhosru_Shapurji_Sorabji" title="Kaikhosru Shapurji Sorabji">Kaikhosru Shapurji Sorabji
1892-1983 <a href="/wiki/Germaine_Tailleferre" title="Germaine Tailleferre">Germaine Tailleferre
1893-1952 <a href="/wiki/Rued_Langgaard" title="Rued Langgaard">Rued Langgaard
1893-1987 <a href="/wiki/Frederic_Mompou" title="Frederic Mompou">Frederic Mompou
1894-1979 <a href="/wiki/Paul_Dessau" title="Paul Dessau">Paul Dessau
1894-1950 <a href="/wiki/Ernest_John_Moeran" title="Ernest John Moeran">Ernest John Moeran
1894-1976 <a href="/wiki/Walter_Piston" title="Walter Piston">Walter Piston
1894-1942 <a href="/wiki/Erwin_Schulhoff" title="Erwin Schulhoff">Erwin Schulhoff
1895-1968 <a href="/wiki/Mario_Castelnuovo-Tedesco" title="Mario Castelnuovo-Tedesco">Mario Castelnuovo-Tedesco
1895-1977 <a href="/wiki/Johann_Nepomuk_David" title="Johann Nepomuk David">Johann Nepomuk David
1895-1982 <a href="/wiki/Jakov_Gotovac" title="Jakov Gotovac">Jakov Gotovac
1895-1963 <a href="/wiki/Paul_Hindemith" title="Paul Hindemith">Paul Hindemith
1895-1991 <a href="/wiki/Wilhelm_Kempff" title="Wilhelm Kempff">Wilhelm Kempff
1895-1982 <a href="/wiki/Carl_Orff" title="Carl Orff">Carl Orff
1896-1973 <a href="/wiki/Walter_Abendroth" title="Walter Abendroth">Walter Abendroth
1896-1958 <a href="/wiki/Eduard_Erdmann" title="Eduard Erdmann">Eduard Erdmann
1897-1965 <a href="/wiki/Henry_Cowell" title="Henry Cowell">Henry Cowell
1897-1969 <a href="/wiki/Ottmar_Gerster" title="Ottmar Gerster">Ottmar Gerster
1897-1966 <a href="/wiki/Hermann_Hei%C3%9F" title="Hermann Heiß">Hermann Heiß
1897-1957 <a href="/wiki/Erich_Wolfgang_Korngold" title="Erich Wolfgang Korngold">Erich Wolfgang Korngold
1897-1992 <a href="/wiki/Harald_S%C3%A6verud" title="Harald Sæverud">Harald Sæverud
1898-1962 <a href="/wiki/Hanns_Eisler" title="Hanns Eisler">Hanns Eisler
1898-1937 <a href="/wiki/George_Gershwin" title="George Gershwin">George Gershwin
1898-1944 <a href="/wiki/Viktor_Ullmann" title="Viktor Ullmann">Viktor Ullmann
1899-1944 <a href="/wiki/Hans_Kr%C3%A1sa" title="Hans Krása">Hans Krása
1899-1963 <a href="/wiki/Francis_Poulenc" title="Francis Poulenc">Francis Poulenc
1899-1965 <a href="/wiki/Otto_Reinhold_(Komponist)" title="Otto Reinhold (Komponist)">Otto Reinhold
1899-1965 <a href="/wiki/Leo_Spies" title="Leo Spies">Leo Spies
1899-1978 <a href="/wiki/Pantscho_Wladigerow" title="Pantscho Wladigerow">Pantscho Wladigerow
1899-2001 <a href="/wiki/Grete_von_Zieritz" title="Grete von Zieritz">Grete von Zieritz
1900-1959 <a href="/wiki/George_Antheil" title="George Antheil">George Antheil
1900-1995 <a href="/wiki/Alan_Bush" title="Alan Bush">Alan Bush
1900-1990 <a href="/wiki/Aaron_Copland" title="Aaron Copland">Aaron Copland
1900-1955 <a href="/wiki/Isaak_Ossipowitsch_Dunajewski" title="Isaak Ossipowitsch Dunajewski">Isaak Dunajewski
1900-1991 <a href="/wiki/Ernst_Krenek" title="Ernst Krenek">Ernst Krenek
1900-1973 <a href="/wiki/Alexander_Wassiljewitsch_Mossolow" title="Alexander Wassiljewitsch Mossolow">Alexander Wassiljewitsch Mossolow
1900-1950 <a href="/wiki/Kurt_Weill" title="Kurt Weill">Kurt Weill</ul>1901-1972 <a href="/wiki/Hans_Erich_Apostel" title="Hans Erich Apostel">Hans Erich Apostel
1901-1983 <a href="/wiki/Werner_Egk" title="Werner Egk">Werner Egk
1901-1956 <a href="/wiki/Gerald_Finzi" title="Gerald Finzi">Gerald Finzi
1901-1970 <a href="/wiki/Alfred_Newman" title="Alfred Newman">Alfred Newman
1901-1999 <a href="/wiki/Joaqu%C3%ADn_Rodrigo" title="Joaquín Rodrigo">Joaquín Rodrigo
1901-1986 <a href="/wiki/Edmund_Rubbra" title="Edmund Rubbra">Edmund Rubbra
1901-1953 <a href="/wiki/Ruth_Crawford_Seeger" title="Ruth Crawford Seeger">Ruth Crawford Seeger
1902-1981 <a href="/wiki/Hans_Chemin-Petit" title="Hans Chemin-Petit">Hans Chemin-Petit
1902-1986 <a href="/wiki/Maurice_Durufl%C3%A9" title="Maurice Duruflé">Maurice Duruflé
1902-1997 <a href="/wiki/Paul_Kurzbach" title="Paul Kurzbach">Paul Kurzbach
1902-1963 <a href="/wiki/Wissarion_Jakowlewitsch_Schebalin" title="Wissarion Jakowlewitsch Schebalin">Wissarion Schebalin
1902-1981 <a href="/wiki/Werner_Trenkner" title="Werner Trenkner">Werner Trenkner
1902-1983 <a href="/wiki/William_Walton" title="William Walton">William Walton
1902-1972 <a href="/wiki/Stefan_Wolpe" title="Stefan Wolpe">Stefan Wolpe
1903-1978 <a href="/wiki/Aram_Chatschaturjan" title="Aram Chatschaturjan">Aram Chatschaturjan
1903-1986 <a href="/wiki/Stephan_Cosacchi" title="Stephan Cosacchi">Stephan Cosacchi
1903-1996 <a href="/wiki/Berthold_Goldschmidt" title="Berthold Goldschmidt">Berthold Goldschmidt
1903-2006 <a href="/wiki/Mykola_Kolessa" title="Mykola Kolessa">Mykola Kolessa
1903-1978 <a href="/wiki/Karl_Kraft" title="Karl Kraft">Karl Kraft
1904-1977 <a href="/wiki/Richard_Addinsell" title="Richard Addinsell">Richard Addinsell
1904-1975 <a href="/wiki/Luigi_Dallapiccola" title="Luigi Dallapiccola">Luigi Dallapiccola
1904-1972 <a href="/wiki/Balys_Dvarionas" title="Balys Dvarionas">Balys Dvarionas
1904-1987 <a href="/wiki/Dmitri_Borissowitsch_Kabalewski" title="Dmitri Borissowitsch Kabalewski">Dmitri Kabalewski
1904-1972 <a href="/wiki/Gawriil_Nikolajewitsch_Popow" title="Gawriil Nikolajewitsch Popow">Gawriil Popow
1904-1984 <a href="/wiki/Hermann_Schroeder" title="Hermann Schroeder">Hermann Schroeder
1904-1985 <a href="/wiki/Reinhard_Schwarz-Schilling" title="Reinhard Schwarz-Schilling">Reinhard Schwarz-Schilling
1904-1973 <a href="/wiki/Kurt_Thomas_(Komponist)" title="Kurt Thomas (Komponist)">Kurt Thomas
1905-1977 <a href="/wiki/Otto_Abel_(Komponist)" title="Otto Abel (Komponist)">Otto Abel
1905-1985 <a href="/wiki/William_Alwyn" title="William Alwyn">William Alwyn
1905-1992 <a href="/wiki/Boris_Alexandrowitsch_Arapow" title="Boris Alexandrowitsch Arapow">Boris Arapow
1905-1963 <a href="/wiki/Karl_Amadeus_Hartmann" title="Karl Amadeus Hartmann">Karl Amadeus Hartmann
1905-1956 <a href="/wiki/Erich_Itor_Kahn" title="Erich Itor Kahn">Erich Itor Kahn
1905-1942 <a href="/wiki/Walter_Leigh" title="Walter Leigh">Walter Leigh
1905-1988 <a href="/wiki/Ernst_Hermann_Meyer" title="Ernst Hermann Meyer">Ernst Hermann Meyer
1905-1971 <a href="/wiki/Alan_Rawsthorne" title="Alan Rawsthorne">Alan Rawsthorne
1905-1998 <a href="/wiki/Michael_Tippett" title="Michael Tippett">Michael Tippett
1905-1982 <a href="/wiki/Eduard_Tubin" title="Eduard Tubin">Eduard Tubin
1906-2005 <a href="/wiki/Arnold_Cooke" title="Arnold Cooke">Arnold Cooke
1906-1985 <a href="/wiki/Paul_Creston" title="Paul Creston">Paul Creston
1906-1989 <a href="/wiki/Philip_Herschkowitz" title="Philip Herschkowitz">Philip Herschkowitz
1906-1983 <a href="/wiki/J%C4%81nis_Ivanovs" title="Jānis Ivanovs">Jānis Ivanovs
1906-1976 <a href="/wiki/Sara_Alexandrowna_Lewina" title="Sara Alexandrowna Lewina">Sara Lewina
1906-1990 <a href="/wiki/Peter_Mieg" title="Peter Mieg">Peter Mieg
1906-1984 <a href="/wiki/Alexander_Moyzes" title="Alexander Moyzes">Alexander Moyzes
1906-1991 <a href="/wiki/Boris_Papandopulo" title="Boris Papandopulo">Boris Papandopulo
1906-1975 <a href="/wiki/Dmitri_Dmitrijewitsch_Schostakowitsch" title="Dmitri Dmitrijewitsch Schostakowitsch">Dmitri Schostakowitsch
1906-1973 <a href="/wiki/Johannes_Paul_Thilman" title="Johannes Paul Thilman">Johannes Paul Thilman
1907-1987 <a href="/wiki/Wolfgang_Fortner" title="Wolfgang Fortner">Wolfgang Fortner
1907-1987 <a href="/wiki/Karl_H%C3%B6ller" title="Karl Höller">Karl Höller
1907-1991 <a href="/wiki/Jean_Langlais" title="Jean Langlais">Jean Langlais
1907-1978 <a href="/wiki/Curt_Mahr" title="Curt Mahr">Curt Mahr
1907-1974 <a href="/wiki/Martin_Scherber" title="Martin Scherber">Martin Scherber
1908-2012 <a href="/wiki/Elliott_Carter" title="Elliott Carter">Elliott Carter
1908-1942 <a href="/wiki/Hugo_Distler" title="Hugo Distler">Hugo Distler
1908-1956 <a href="/wiki/Gunnar_de_Frumerie" title="Gunnar de Frumerie">Gunnar de Frumerie
1908-2000 <a href="/wiki/Marin_Goleminow" title="Marin Goleminow">Marin Goleminow
1908-1994 <a href="/wiki/Kurt_Hessenberg" title="Kurt Hessenberg">Kurt Hessenberg
1908-1956 <a href="/wiki/Lars-Erik_Larsson" title="Lars-Erik Larsson">Lars-Erik Larsson
1908-1976 <a href="/wiki/Nina_Wladimirowna_Makarowa" title="Nina Wladimirowna Makarowa">Nina Makarowa
1908-1992 <a href="/wiki/Olivier_Messiaen" title="Olivier Messiaen">Olivier Messiaen
1908-1989 <a href="/wiki/Aleida_Montijn" title="Aleida Montijn">Aleida Montijn
1908-1990 <a href="/wiki/Nikolai_Petrowitsch_Rakow" title="Nikolai Petrowitsch Rakow">Nikolai Rakow
1908-1981 <a href="/wiki/Geirr_Tveitt" title="Geirr Tveitt">Geirr Tveitt
1909-2007 <a href="/wiki/Harald_Genzmer" title="Harald Genzmer">Harald Genzmer
1909-1996 <a href="/wiki/Vagn_Holmboe" title="Vagn Holmboe">Vagn Holmboe
1909-1977 <a href="/wiki/Heinz_R%C3%B6ttger" title="Heinz Röttger">Heinz Röttger
1909-2007 <a href="/wiki/Kurt_Schwaen" title="Kurt Schwaen">Kurt Schwaen
1909-2000 <a href="/wiki/%C4%80dolfs_Skulte" title="Ādolfs Skulte">Ādolfs Skulte
1909-1994 <a href="/wiki/Ignace_Strasfogel" title="Ignace Strasfogel">Ignace Strasfogel
1910-1981 <a href="/wiki/Samuel_Barber" title="Samuel Barber">Samuel Barber
1910-1988 <a href="/wiki/Jewgeni_Kirillowitsch_Golubew" title="Jewgeni Kirillowitsch Golubew">Jewgeni Golubew
1911-1985 <a href="/wiki/G%C3%A1bor_Darvas" title="Gábor Darvas">Gábor Darvas
1911-2000 <a href="/wiki/Alan_Hovhaness" title="Alan Hovhaness">Alan Hovhaness
1911-2007 <a href="/wiki/Gian_Carlo_Menotti" title="Gian Carlo Menotti">Gian Carlo Menotti
1911-1980 <a href="/wiki/Allan_Pettersson" title="Allan Pettersson">Allan Pettersson
1911-1979 <a href="/wiki/Nino_Rota" title="Nino Rota">Nino Rota
1912-1992 <a href="/wiki/John_Cage" title="John Cage">John Cage
1912-1992 <a href="/wiki/Paraschkew_Chadschiew" title="Paraschkew Chadschiew">Paraschkew Chadschiew
1912-1997 <a href="/wiki/Jean_Fran%C3%A7aix" title="Jean Françaix">Jean Françaix
1912-2004 <a href="/wiki/Volker_Gwinner" title="Volker Gwinner">Volker Gwinner
1912-1983 <a href="/wiki/Igor_Markevitch" title="Igor Markevitch">Igor Markevitch
1912-1978 <a href="/wiki/Wadim_Nikolajewitsch_Salmanow" title="Wadim Nikolajewitsch Salmanow">Wadim Salmanow
1913-1996 <a href="/wiki/George_Barati" title="George Barati">George Barati
1913-1988 <a href="/wiki/Cesar_Bresgen" title="Cesar Bresgen">Cesar Bresgen
1913-1976 <a href="/wiki/Benjamin_Britten" title="Benjamin Britten">Benjamin Britten
1913-2007 <a href="/wiki/Tichon_Nikolajewitsch_Chrennikow" title="Tichon Nikolajewitsch Chrennikow">Tichon Chrennikow
1913-1998 <a href="/wiki/Johann_Cilen%C5%A1ek" title="Johann Cilenšek">Johann Cilenšek
1913-1998 <a href="/wiki/George_Lloyd_(Komponist)" title="George Lloyd (Komponist)">George Lloyd
1913-1994 <a href="/wiki/Witold_Lutos%C5%82awski" title="Witold Lutosławski">Witold Lutosławski
1913-1995 <a href="/wiki/Aleksi_Matschawariani" title="Aleksi Matschawariani">Aleksi Matschawariani
1914-2002 <a href="/wiki/Hermann_Haller_(Komponist)" title="Hermann Haller (Komponist)">Hermann Haller
1914-1996 <a href="/wiki/Rafael_Kubel%C3%ADk" title="Rafael Kubelík">Rafael Kubelík
1914-1991 <a href="/wiki/Andrzej_Panufnik" title="Andrzej Panufnik">Andrzej Panufnik
1915-2005 <a href="/wiki/David_Diamond_(Komponist)" title="David Diamond (Komponist)">David Diamond
1915-2005 <a href="/wiki/Kurt_Graunke" title="Kurt Graunke">Kurt Graunke
1915-1945 <a href="/wiki/Nico_Richter" title="Nico Richter">Nico Richter
1915-1998 <a href="/wiki/Georgi_Wassiljewitsch_Swiridow" title="Georgi Wassiljewitsch Swiridow">Georgi Swiridow
1916-2013 <a href="/wiki/Henri_Dutilleux" title="Henri Dutilleux">Henri Dutilleux
1916-2005 <a href="/wiki/Helmut_Eder" title="Helmut Eder">Helmut Eder
1916-1999 <a href="/wiki/Einar_Englund" title="Einar Englund">Einar Englund
1916-1983 <a href="/wiki/Alberto_Ginastera" title="Alberto Ginastera">Alberto Ginastera
1916-2000 <a href="/wiki/Karl-Rudi_Griesbach" title="Karl-Rudi Griesbach">Karl-Rudi Griesbach
1916-2007 <a href="/wiki/Hans_Martin_(Komponist)" title="Hans Martin (Komponist)">Hans Martin
1916-2005 <a href="/wiki/Weli_Muhadow" title="Weli Muhadow">Weli Muhadow
1916-1995 <a href="/wiki/Nikolai_Iwanowitsch_Peiko" title="Nikolai Iwanowitsch Peiko">Nikolai Peiko
1916-1944 <a href="/wiki/Zikmund_Schul" title="Zikmund Schul">Zikmund Schul
1916-1983 <a href="/wiki/Bernard_Stevens" title="Bernard Stevens">Bernard Stevens
1917-2011 <a href="/w/index.php?title=John_Gardner_(Komponist)&amp;action=edit&amp;redlink=1" class="new" title="John Gardner (Komponist) (Seite nicht vorhanden)">John Gardner
1918-2010 <a href="/wiki/J%C3%BCrg_Baur" title="Jürg Baur">Jürg Baur
1918-1990 <a href="/wiki/Leonard_Bernstein" title="Leonard Bernstein">Leonard Bernstein
1918-1982 <a href="/wiki/Qara_Qarayev" title="Qara Qarayev">Qara Qarayev
1918-2005 <a href="/wiki/George_Rochberg" title="George Rochberg">George Rochberg
1919-1945 <a href="/wiki/Gideon_Klein" title="Gideon Klein">Gideon Klein
1919-1996 <a href="/wiki/Mieczys%C5%82aw_Weinberg" title="Mieczysław Weinberg">Mieczysław Weinberg
1920-2012 <a href="/wiki/Alexander_Arutjunjan" title="Alexander Arutjunjan">Alexander Arutjunjan
1920-1990 <a href="/wiki/Peter_Racine_Fricker" title="Peter Racine Fricker">Peter Racine Fricker
1920-1999 <a href="/wiki/Rudolf_Halaczinsky" title="Rudolf Halaczinsky">Rudolf Halaczinsky
1920-2001 <a href="/wiki/Gerhard_Wohlgemuth" title="Gerhard Wohlgemuth">Gerhard Wohlgemuth
1921-2006 <a href="/wiki/Malcolm_Arnold" title="Malcolm Arnold">Malcolm Arnold
1921-1983 <a href="/wiki/Arno_Babadschanjan" title="Arno Babadschanjan">Arno Babadschanjan
1921-1998 <a href="/wiki/Johannes_Driessler" title="Johannes Driessler">Johannes Driessler
1921-1984 <a href="/wiki/Fritz_Gei%C3%9Fler_(Komponist)" title="Fritz Geißler (Komponist)">Fritz Geißler
1921-1996 <a href="/wiki/Joonas_Kokkonen" title="Joonas Kokkonen">Joonas Kokkonen
1921-1992 <a href="/wiki/Astor_Piazzolla" title="Astor Piazzolla">Astor Piazzolla
1921-1997 <a href="/wiki/Robert_Simpson_(Komponist)" title="Robert Simpson (Komponist)">Robert Simpson
1922-1984 <a href="/wiki/Fikret_Amirow" class="mw-redirect" title="Fikret Amirow">Fikret Amirow
1922-2015 <a href="/wiki/G%C3%A9rard_Calvi" title="Gérard Calvi">Gérard Calvi
1922-1966 <a href="/wiki/German_Germanowitsch_Galynin" title="German Germanowitsch Galynin">German Galynin
1922-2001 <a href="/wiki/Iannis_Xenakis" title="Iannis Xenakis">Iannis Xenakis
1923-2006 <a href="/wiki/Gy%C3%B6rgy_Ligeti" title="György Ligeti">György Ligeti
1924-1976 <a href="/wiki/Rewol_Samuilowitsch_Bunin" title="Rewol Samuilowitsch Bunin">Rewol Bunin
1924-1994 <a href="/wiki/Henry_Mancini" title="Henry Mancini">Henry Mancini
1924-1990 <a href="/wiki/Luigi_Nono" title="Luigi Nono">Luigi Nono
1924-1998 <a href="/wiki/Dieter_Nowka" title="Dieter Nowka">Dieter Nowka
1924-1989 <a href="/wiki/Otar_Taktakischwili" title="Otar Taktakischwili">Otar Taktakischwili
1925-2003 <a href="/wiki/Luciano_Berio" title="Luciano Berio">Luciano Berio
1925-2016 <a href="/wiki/Pierre_Boulez" title="Pierre Boulez">Pierre Boulez
1925-2004 <a href="/wiki/Marius_Constant" title="Marius Constant">Marius Constant
1925-2015 <a href="/wiki/Andrei_Jakowlewitsch_Eschpai" title="Andrei Jakowlewitsch Eschpai">Andrei Eschpai
1925-2002 <a href="/wiki/Bertold_Hummel" title="Bertold Hummel">Bertold Hummel
1925-2009 <a href="/wiki/Giselher_Klebe" title="Giselher Klebe">Giselher Klebe
1925- <a href="/wiki/Mikis_Theodorakis" title="Mikis Theodorakis">Mikis Theodorakis
1925-1996 <a href="/wiki/Boris_Alexandrowitsch_Tschaikowski" title="Boris Alexandrowitsch Tschaikowski">Boris Tschaikowski
1926-2010 <a href="/wiki/Georg_Espitalier" title="Georg Espitalier">Georg Espitalier
1926-1987 <a href="/wiki/Morton_Feldman" title="Morton Feldman">Morton Feldman
1926-2012 <a href="/wiki/Hans_Werner_Henze" title="Hans Werner Henze">Hans Werner Henze
1926- <a href="/wiki/Gy%C3%B6rgy_Kurt%C3%A1g" title="György Kurtág">György Kurtág
1926-2007 <a href="/wiki/Ruth_Zechlin" title="Ruth Zechlin">Ruth Zechlin
1927- <a href="/wiki/Wolfgang_Hohensee" title="Wolfgang Hohensee">Wolfgang Hohensee
1927-2017 <a href="/wiki/Wilhelm_Killmayer" title="Wilhelm Killmayer">Wilhelm Killmayer
1928-2008 <a href="/wiki/Frank_Michael_Beyer" title="Frank Michael Beyer">Frank Michael Beyer
1928-1971 <a href="/wiki/Manfred_Kluge" title="Manfred Kluge">Manfred Kluge
1928-2020 <a href="/wiki/Ennio_Morricone" title="Ennio Morricone">Ennio Morricone
1928-2016 <a href="/wiki/Einojuhani_Rautavaara" title="Einojuhani Rautavaara">Einojuhani Rautavaara
1928-2007 <a href="/wiki/Karlheinz_Stockhausen" title="Karlheinz Stockhausen">Karlheinz Stockhausen
1928-2002 <a href="/wiki/Jewgeni_Fjodorowitsch_Swetlanow" title="Jewgeni Fjodorowitsch Swetlanow">Jewgeni Swetlanow
1929-1996 <a href="/wiki/Edisson_Wassiljewitsch_Denissow" title="Edisson Wassiljewitsch Denissow">Edisson Denissow
1929-2004 <a href="/wiki/Jerry_Goldsmith" title="Jerry Goldsmith">Jerry Goldsmith
1929-2014 <a href="/wiki/Peter_Sculthorpe" title="Peter Sculthorpe">Peter Sculthorpe
1929-2014 <a href="/wiki/Gerd_Zacher" title="Gerd Zacher">Gerd Zacher
1930-1998 <a href="/wiki/Edgar_Howhannisjan" title="Edgar Howhannisjan">Edgar Howhannisjan
1930-2009 <a href="/wiki/G%C3%BCnter_Kochan" title="Günter Kochan">Günter Kochan
1930- <a href="/wiki/Siegfried_Kurz_(Komponist)" title="Siegfried Kurz (Komponist)">Siegfried Kurz
1930-2011 <a href="/wiki/Horst_M%C3%BChlbradt" title="Horst Mühlbradt">Horst Mühlbradt
1930-1995 <a href="/wiki/Alexander_Pirumow" class="mw-redirect" title="Alexander Pirumow">Alexander Pirumow
1930-2018 <a href="/wiki/Dieter_Schnebel" title="Dieter Schnebel">Dieter Schnebel
1931-2002 <a href="/wiki/Rostislaw_Grigorjewitsch_Boiko" title="Rostislaw Grigorjewitsch Boiko">Rostislaw Boiko
1931- <a href="/wiki/Sofia_Asgatowna_Gubaidulina" title="Sofia Asgatowna Gubaidulina">Sofia Gubaidulina
1931-2008 <a href="/wiki/Mauricio_Kagel" title="Mauricio Kagel">Mauricio Kagel
1932- <a href="/wiki/Jaan_R%C3%A4%C3%A4ts" title="Jaan Rääts">Jaan Rääts
1932- <a href="/wiki/John_Williams_(Komponist)" title="John Williams (Komponist)">John Williams
1933-2011 <a href="/wiki/John_Barry_(Filmkomponist)" title="John Barry (Filmkomponist)">John Barry
1933-2000 <a href="/wiki/Nodar_Gabunia" title="Nodar Gabunia">Nodar Gabunia
1933-2010 <a href="/wiki/Henryk_Miko%C5%82aj_G%C3%B3recki" title="Henryk Mikołaj Górecki">Henryk Mikołaj Górecki
1933-2020 <a href="/wiki/Krzysztof_Penderecki" title="Krzysztof Penderecki">Krzysztof Penderecki
1933-2020 <a href="/w/index.php?title=Karl_Reinberger&amp;action=edit&amp;redlink=1" class="new" title="Karl Reinberger (Seite nicht vorhanden)">Karl Reinberger
1934- <a href="/wiki/Oskar_Gottlieb_Blarr" title="Oskar Gottlieb Blarr">Oskar Gottlieb Blarr
1934-2016 <a href="/wiki/Peter_Maxwell_Davies" title="Peter Maxwell Davies">Peter Maxwell Davies
1934- <a href="/wiki/Siegfried_Matthus" title="Siegfried Matthus">Siegfried Matthus
1934-1998 <a href="/wiki/Alfred_Schnittke" title="Alfred Schnittke">Alfred Schnittke
1935- <a href="/wiki/Helmut_Lachenmann" title="Helmut Lachenmann">Helmut Lachenmann
1935- <a href="/wiki/Arvo_P%C3%A4rt" title="Arvo Pärt">Arvo Pärt
1935- <a href="/wiki/Terry_Riley" title="Terry Riley">Terry Riley
1936-1981 <a href="/wiki/Cornelius_Cardew" title="Cornelius Cardew">Cornelius Cardew
1936-2003 <a href="/wiki/Augustinus_Franz_Kropfreiter" title="Augustinus Franz Kropfreiter">Augustinus Franz Kropfreiter
1936-2019 <a href="/wiki/Colin_Mawby" title="Colin Mawby">Colin Mawby
1936- <a href="/wiki/Steve_Reich" title="Steve Reich">Steve Reich
1936-2019 <a href="/wiki/Hans_Zender" title="Hans Zender">Hans Zender
1937- <a href="/wiki/Keiko_Abe" title="Keiko Abe">Keiko Abe
1937- <a href="/wiki/Philip_Glass" title="Philip Glass">Philip Glass
1937- <a href="/wiki/Rolf_Riehm" title="Rolf Riehm">Rolf Riehm
1937-2005 <a href="/wiki/Eduard_Moissejewitsch_Schafranski" title="Eduard Moissejewitsch Schafranski">Eduard Schafranski
1938- <a href="/wiki/Gloria_Coates" title="Gloria Coates">Gloria Coates
1938- <a href="/wiki/John_Corigliano" title="John Corigliano">John Corigliano
1938- <a href="/wiki/Robert_Maximilian_Helmschrott" title="Robert Maximilian Helmschrott">Robert Maximilian Helmschrott
1938-2015 <a href="/wiki/Bernd_Wiesemann" title="Bernd Wiesemann">Bernd Wiesemann
1939-2010 <a href="/wiki/Boris_Iwanowitsch_Tischtschenko" title="Boris Iwanowitsch Tischtschenko">Boris Tischtschenko
1940-2006 <a href="/wiki/Dieter_Acker" title="Dieter Acker">Dieter Acker
1940-2004 <a href="/wiki/Juraj_Bene%C5%A1" title="Juraj Beneš">Juraj Beneš
1940- <a href="/wiki/Vladimir_Cosma" title="Vladimir Cosma">Vladimir Cosma
1940-2010 <a href="/wiki/Hans_Ulrich_Humpert" title="Hans Ulrich Humpert">Hans Ulrich Humpert
1940-2006 <a href="/wiki/Tilo_Medek" title="Tilo Medek">Tilo Medek
1940-1979 <a href="/wiki/Vaqif_Mustafazad%C9%99" title="Vaqif Mustafazadə">Vaqif Mustafazadə
1941-1992 <a href="/wiki/Stephen_Albert" title="Stephen Albert">Stephen Albert
1941-2009 <a href="/wiki/Friedrich_Goldmann" title="Friedrich Goldmann">Friedrich Goldmann
1941- <a href="/wiki/Wilfried_Hiller" title="Wilfried Hiller">Wilfried Hiller
1941-2012 <a href="/wiki/Emmanuel_Nunes" title="Emmanuel Nunes">Emmanuel Nunes
1942-2020 <a href="/wiki/Volker_David_Kirchner" title="Volker David Kirchner">Volker David Kirchner
1942- <a href="/wiki/Paul_McCartney" title="Paul McCartney">Paul McCartney
1943-2013 <a href="/wiki/Helge_Jung" title="Helge Jung">Helge Jung
1943- <a href="/wiki/Udo_Zimmermann" title="Udo Zimmermann">Udo Zimmermann
1944- <a href="/wiki/Christopher_Gunning" title="Christopher Gunning">Christopher Gunning
1944- <a href="/wiki/Karl_Jenkins" title="Karl Jenkins">Karl Jenkins
1944-2008 <a href="/wiki/Pehr_Henrik_Nordgren" title="Pehr Henrik Nordgren">Pehr Henrik Nordgren
1944-2013 <a href="/wiki/John_Tavener" title="John Tavener">John Tavener
1945- <a href="/wiki/Robert_Denhof" title="Robert Denhof">Robert Denhof
1946-1998 <a href="/wiki/G%C3%A9rard_Grisey" title="Gérard Grisey">Gérard Grisey
1946- <a href="/wiki/Howard_Shore" title="Howard Shore">Howard Shore
1946-2001 <a href="/wiki/Giuseppe_Sinopoli" title="Giuseppe Sinopoli">Giuseppe Sinopoli
1946- <a href="/wiki/Mark_Snow" title="Mark Snow">Mark Snow
1947- <a href="/wiki/John_Adams_(Komponist)" title="John Adams (Komponist)">John Adams
1947- <a href="/wiki/Davorin_Kempf" title="Davorin Kempf">Davorin Kempf
1947- <a href="/w/index.php?title=Gra%C5%BCyna_Pstroko%C5%84ska-Nawratil&amp;action=edit&amp;redlink=1" class="new" title="Grażyna Pstrokońska-Nawratil (Seite nicht vorhanden)">Grażyna Pstrokońska-Nawratil
1947- <a href="/wiki/Martin_Christoph_Redel" title="Martin Christoph Redel">Martin Christoph Redel
1948-2012 <a href="/wiki/Theo_Brandm%C3%BCller" title="Theo Brandmüller">Theo Brandmüller
1948- <a href="/wiki/Heinz_Chur" title="Heinz Chur">Heinz Chur
1948- <a href="/wiki/Bo_Holten" title="Bo Holten">Bo Holten
1949- <a href="/wiki/Kalevi_Aho" title="Kalevi Aho">Kalevi Aho
1949- <a href="/wiki/Thomas_Meyer-Fiebig" title="Thomas Meyer-Fiebig">Thomas Meyer-Fiebig
1949-2013 <a href="/wiki/Thomas_Schmidt-Kowalski" title="Thomas Schmidt-Kowalski">Thomas Schmidt-Kowalski
1950- <a href="/wiki/Andrei_Iwanowitsch_Golowin" title="Andrei Iwanowitsch Golowin">Andrei Golowin
1950-2016 <a href="/wiki/Michel_Meynaud" title="Michel Meynaud">Michel Meynaud
1950- <a href="/wiki/Enjott_Schneider" title="Enjott Schneider">Enjott Schneider
1950- <a href="/wiki/Carl_Verbraeken" title="Carl Verbraeken">Carl Verbraeken</ul>
1951- <a href="/wiki/David_Graham_(Komponist)" title="David Graham (Komponist)">David Graham
1952- <a href="/wiki/Max_Becksch%C3%A4fer" title="Max Beckschäfer">Max Beckschäfer
1952- <a href="/wiki/Heiner_Goebbels" title="Heiner Goebbels">Heiner Goebbels
1952- <a href="/wiki/Franz_Martin_Olbrisch" title="Franz Martin Olbrisch">Franz Martin Olbrisch
1952- <a href="/wiki/Wolfgang_Rihm" title="Wolfgang Rihm">Wolfgang Rihm
1953- <a href="/wiki/Franz_Th%C3%BCrauer" title="Franz Thürauer">Franz Thürauer
1953- <a href="/wiki/Hans-J%C3%BCrgen_von_Bose" title="Hans-Jürgen von Bose">Hans-Jürgen von Bose
1953- <a href="/wiki/Violeta_Dinescu" title="Violeta Dinescu">Violeta Dinescu
1953- <a href="/wiki/Volker_Plangg" title="Volker Plangg">Volker Plangg
1953-1997 <a href="/wiki/Uladsimir_Soltan" title="Uladsimir Soltan">Uladsimir Soltan
1954- <a href="/wiki/Michael_Daugherty" title="Michael Daugherty">Michael Daugherty
1953- <a href="/wiki/Xaver_Paul_Thoma" title="Xaver Paul Thoma">Xaver Paul Thoma
1955- <a href="/wiki/Michael_Denhoff" title="Michael Denhoff">Michael Denhoff
1955- <a href="/wiki/Toshio_Hosokawa" title="Toshio Hosokawa">Toshio Hosokawa
1955- <a href="/wiki/Friedemann_Schmidt-Mechau" title="Friedemann Schmidt-Mechau">Friedemann Schmidt-Mechau
1955- <a href="/wiki/Andreas_Stahl" title="Andreas Stahl">Andreas Stahl
1956- <a href="/w/index.php?title=Tom_Sora&amp;action=edit&amp;redlink=1" class="new" title="Tom Sora (Seite nicht vorhanden)">Tom Sora
1957- <a href="/wiki/Claus_K%C3%BChnl" title="Claus Kühnl">Claus Kühnl
1957- <a href="/wiki/Detlev_M%C3%BCller-Siemens" title="Detlev Müller-Siemens">Detlev Müller-Siemens
1957- <a href="/wiki/Markus_Stockhausen" title="Markus Stockhausen">Markus Stockhausen
1957- <a href="/wiki/Hans_Zimmer" title="Hans Zimmer">Hans Zimmer
1958- <a href="/w/index.php?title=Marco_Di_Bari&amp;action=edit&amp;redlink=1" class="new" title="Marco Di Bari (Seite nicht vorhanden)">Marco Di Bari
1958- <a href="/wiki/Oscar_van_Dillen" title="Oscar van Dillen">Oscar van Dillen
1958-2017 <a href="/wiki/Michael_Hirsch_(Komponist)" title="Michael Hirsch (Komponist)">Michael Hirsch
1958- <a href="/wiki/Christophe_Looten" title="Christophe Looten">Christophe Looten
1959- <a href="/wiki/James_MacMillan" title="James MacMillan">James MacMillan
1959- <a href="/wiki/John_Palmer_(Komponist)" title="John Palmer (Komponist)">John Palmer
1959- <a href="/wiki/Ratko_Delorko_(Komponist)" title="Ratko Delorko (Komponist)">Ratko Delorko
1959- <a href="/wiki/Stefan_Heucke" title="Stefan Heucke">Stefan Heucke
1959- <a href="/wiki/Frank_Luchs" title="Frank Luchs">Frank Luchs
1959- <a href="/wiki/Bernd_Franke_(Komponist)" title="Bernd Franke (Komponist)">Bernd Franke
1959- <a href="/wiki/Shigeru_Kan-no" class="mw-redirect" title="Shigeru Kan-no">Shigeru Kan-no
1959- <a href="/wiki/Marco_Stroppa" title="Marco Stroppa">Marco Stroppa
1960- <a href="/wiki/Reso_Kiknadze" title="Reso Kiknadze">Reso Kiknadze
1960- <a href="/wiki/Hanspeter_Kyburz" title="Hanspeter Kyburz">Hanspeter Kyburz
1960- <a href="/wiki/Steffen_Schleiermacher" title="Steffen Schleiermacher">Steffen Schleiermacher
1961- <a href="/wiki/Carlos_Stella" title="Carlos Stella">Carlos Stella
1961- <a href="/wiki/Helmut_Oehring" title="Helmut Oehring">Helmut Oehring
1961- <a href="/wiki/Ludger_St%C3%BChlmeyer" title="Ludger Stühlmeyer">Ludger Stühlmeyer
1962- <a href="/wiki/Rudi_Spring" title="Rudi Spring">Rudi Spring
1962- <a href="/wiki/Wolfram_Wagner_(Komponist)" title="Wolfram Wagner (Komponist)">Wolfram Wagner
1962- <a href="/wiki/Graham_Waterhouse" title="Graham Waterhouse">Graham Waterhouse
1963- <a href="/wiki/Nikolaus_Schapfl" title="Nikolaus Schapfl">Nikolaus Schapfl
1964- <a href="/wiki/Mark_Andre" title="Mark Andre">Mark Andre
1964- <a href="/wiki/Ivan_Moody" title="Ivan Moody">Ivan Moody
1965- <a href="/wiki/Moritz_Eggert" title="Moritz Eggert">Moritz Eggert
1965- <a href="/wiki/Rozalie_Hirs" title="Rozalie Hirs">Rozalie Hirs
1965- <a href="/wiki/Wolfram_Graf" title="Wolfram Graf">Wolfram Graf
1965- <a href="/wiki/Juri_Khanon" title="Juri Khanon">Juri Khanon
1966- <a href="/wiki/Dragomir_Josifow" title="Dragomir Josifow">Dragomir Josifow
1966- <a href="/wiki/Juliane_Klein" title="Juliane Klein">Juliane Klein
1967- <a href="/wiki/Klaus_Badelt" title="Klaus Badelt">Klaus Badelt
1967- <a href="/wiki/Jens_Josef" title="Jens Josef">Jens Josef
1967- <a href="/w/index.php?title=Roman_Z._Novak&amp;action=edit&amp;redlink=1" class="new" title="Roman Z. Novak (Seite nicht vorhanden)">Roman Z. Novak
1967- <a href="/wiki/Daniel_Theaker" title="Daniel Theaker">Daniel Theaker
1968- <a href="/wiki/Christian_Frank_(Dirigent)" title="Christian Frank (Dirigent)">Christian Frank
1968- <a href="/wiki/Boris_Guckelsberger" title="Boris Guckelsberger">Boris Guckelsberger
1968- <a href="/wiki/Sven_Helbig" title="Sven Helbig">Sven Helbig
1969- <a href="/wiki/Enno_Poppe" title="Enno Poppe">Enno Poppe
1970- <a href="/wiki/Reiko_F%C3%BCting" title="Reiko Füting">Reiko Füting
1970- <a href="/wiki/Pjotr_Alexandrowitsch_Klimow" title="Pjotr Alexandrowitsch Klimow">Pjotr Klimow
1970- <a href="/wiki/Faz%C4%B1l_Say" title="Fazıl Say">Fazıl Say
1970- <a href="/wiki/Robert_Brunnlechner" title="Robert Brunnlechner">Robert Brunnlechner
1970- <a href="/wiki/Eric_Whitacre" title="Eric Whitacre">Eric Whitacre
1971- <a href="/wiki/Matthias_Pintscher" title="Matthias Pintscher">Matthias Pintscher
1973- <a href="/wiki/Robert_Gulya" title="Robert Gulya">Robert Gulya
1973- <a href="/w/index.php?title=Arno_Waschk&amp;action=edit&amp;redlink=1" class="new" title="Arno Waschk (Seite nicht vorhanden)">Arno Waschk
1973- <a href="/wiki/J%C3%B6rg_Widmann" title="Jörg Widmann">Jörg Widmann
1973- <a href="/wiki/Joanna_Wozny" title="Joanna Wozny">Joanna Wozny
1974- <a href="/wiki/Uri_Brener" title="Uri Brener">Uri Brener
1974- <a href="/wiki/Ramin_Djawadi" title="Ramin Djawadi">Ramin Djawadi
1974- <a href="/wiki/Bruno_Mantovani" title="Bruno Mantovani">Bruno Mantovani
1975- <a href="/wiki/David_Philip_Hefti" title="David Philip Hefti">David Philip Hefti
1975- <a href="/w/index.php?title=Rami_Chahin&amp;action=edit&amp;redlink=1" class="new" title="Rami Chahin (Seite nicht vorhanden)">Rami Chahin
1976- <a href="/wiki/Daniel_Smutny" title="Daniel Smutny">Daniel Smutny
1977- <a href="/w/index.php?title=Mason_Bates&amp;action=edit&amp;redlink=1" class="new" title="Mason Bates (Seite nicht vorhanden)">Mason Bates
1977- <a href="/wiki/Eres_Holz" title="Eres Holz">Eres Holz
1977- <a href="/wiki/Frederik_Magle" title="Frederik Magle">Frederik Magle
1979- <a href="/w/index.php?title=Dario_Cebic&amp;action=edit&amp;redlink=1" class="new" title="Dario Cebic (Seite nicht vorhanden)">Dario Cebic
1980- <a href="/wiki/Johannes_Kreidler_(Musiker)" title="Johannes Kreidler (Musiker)">Johannes Kreidler
1980- <a href="/wiki/Dobrinka_Tabakova" title="Dobrinka Tabakova">Dobrinka Tabakova
1983- <a href="/wiki/Martin_Gr%C3%BCtter" title="Martin Grütter">Martin Grütter
1984- <a href="/wiki/Christian_Lillinger" title="Christian Lillinger">Christian Lillinger</ul>
